latitude,longitude,unique_sharks,foraging_observations,avg_uncertainty,avg_speed_km_day,avg_chlor_a,avg_carbon_phyto,avg_poc,avg_sst,avg_water_depth,avg_eddy_speed,avg_confidence,foraging_intensity,shark_diversity
-0.5,-90.3,4,33,0.0,0.77,0.3053,38.96,101.66,25.8,-1743.5,1.1198,1.0,33.0,0.121
-0.4,-90.3,4,24,0.0,3.15,0.3092,38.8,99.08,26.01,-1735.9,1.1084,1.0,24.0,0.167
-0.5,-90.4,4,20,0.0,56.52,0.2898,40.14,100.48,25.67,-1763.3,1.0948,1.0,20.0,0.2
10.0,-83.1,1,8,0.0,22.02,0.2231,40.47,103.77,20.89,-2119.8,1.2611,1.0,8.0,0.125
-28.4,32.5,2,7,0.045,105.07,0.2971,39.57,99.73,11.35,-1851.5,0.9355,0.955,6.69,0.286
-0.5,-90.5,3,6,0.0,36.13,0.3059,40.72,103.73,25.63,-1667.7,1.1391,1.0,6.0,0.5
28.1,-94.5,1,6,0.0,0.19,0.2717,37.61,99.44,13.95,-2444.4,1.4001,1.0,6.0,0.167
-26.7,33.0,1,5,0.0,0.0,0.2503,36.37,103.13,13.17,-1888.2,0.8557,1.0,5.0,0.2
-27.0,32.9,1,5,0.034,19.44,0.2608,40.89,106.7,11.42,-1697.5,0.923,0.966,4.83,0.2
25.3,-83.6,1,4,0.0,6.45,0.2789,41.24,96.55,14.24,-2090.3,1.3359,1.0,4.0,0.25
-29.1,32.0,2,4,0.0,4.44,0.3122,40.53,90.99,11.59,-1782.1,0.8482,1.0,4.0,0.5
27.9,-96.0,1,4,0.0,19.26,0.3794,43.3,101.34,13.7,-2391.4,1.3482,1.0,4.0,0.25
28.7,-76.7,1,3,0.0,88.19,0.2726,36.2,98.79,12.82,-2321.4,1.4343,1.0,3.0,0.333
-28.3,32.5,1,3,0.0,7.31,0.3314,43.1,110.56,11.48,-1718.3,0.8654,1.0,3.0,0.333
-28.9,32.1,3,3,0.0,27.25,0.4822,44.31,104.02,11.49,-1877.6,0.8161,1.0,3.0,1.0
-26.9,32.9,1,3,0.0,0.18,0.3462,38.68,97.22,12.03,-1529.4,0.8485,1.0,3.0,0.333
27.7,-95.8,2,3,0.0,0.0,0.2443,34.14,104.27,14.53,-2985.1,1.3915,1.0,3.0,0.667
27.9,-96.4,2,3,0.0,69.51,0.3631,42.21,103.79,13.98,-2731.7,1.523,1.0,3.0,0.667
31.9,-79.0,1,3,0.001,125.18,0.2288,36.71,97.56,11.86,-793.9,1.3954,0.999,3.0,0.333
28.0,-94.6,1,3,0.0,8.71,0.3779,36.04,105.39,13.81,-2355.3,1.3871,1.0,3.0,0.333
-26.8,32.9,1,3,0.0,10.03,0.2844,41.01,100.36,11.84,-2142.2,0.854,1.0,3.0,0.333
-0.4,-90.4,1,3,0.0,16.4,0.3434,43.82,100.29,23.86,-2106.4,1.0566,1.0,3.0,0.333
-0.4,-90.5,2,3,0.0,181.35,0.2652,41.64,105.02,27.45,-1559.6,1.1354,1.0,3.0,0.667
-26.6,32.9,1,3,0.0,0.0,0.2667,38.3,100.27,14.48,-1647.6,0.8735,1.0,3.0,0.333
-23.1,35.7,2,2,0.0,0.0,0.298,40.7,101.35,12.88,-1585.4,0.8941,1.0,2.0,1.0
26.8,-96.7,1,2,0.0,123.72,0.4048,39.6,90.69,12.17,-2773.4,1.3405,1.0,2.0,0.5
-27.1,32.9,1,2,0.0,0.0,0.252,41.4,95.84,11.01,-1854.9,0.9179,1.0,2.0,0.5
-26.6,33.0,1,2,0.0,0.0,0.2984,40.89,87.52,12.33,-2112.5,0.8477,1.0,2.0,0.5
-15.8,61.2,1,2,0.0,478.53,0.2889,40.63,85.88,17.96,-2239.0,0.9991,1.0,2.0,0.5
-18.8,39.1,1,2,0.0,241.04,0.2449,37.15,88.36,15.16,-1836.0,0.9729,1.0,2.0,0.5
28.2,-94.5,1,2,0.0,1.67,0.3439,43.15,101.89,13.09,-2058.0,1.3737,1.0,2.0,0.5
16.5,-68.2,1,2,0.0,0.0,0.1931,40.21,91.33,16.35,-2276.0,1.3076,1.0,2.0,0.5
28.4,-95.1,1,2,0.0,0.0,0.3879,36.04,96.66,13.54,-2705.0,1.421,1.0,2.0,0.5
36.1,-75.0,2,2,0.0,0.0,0.3231,37.08,88.63,11.06,-976.8,1.4145,1.0,2.0,1.0
-24.8,153.0,1,2,0.0,72.15,0.2748,30.81,100.12,12.72,-2267.6,0.8921,1.0,2.0,0.5
32.3,-79.9,2,2,0.0,161.61,0.1854,45.51,105.13,11.85,-751.0,1.5183,1.0,2.0,1.0
23.6,-90.4,1,2,0.0,0.0,0.375,40.29,87.58,15.56,-2711.2,1.2994,1.0,2.0,0.5
30.3,-81.0,2,2,0.0,0.0,0.3306,44.51,116.83,13.29,-925.3,1.4598,1.0,2.0,1.0
2.7,-99.7,1,2,0.0,110.66,0.4486,39.08,94.43,26.57,-1465.0,1.1643,1.0,2.0,0.5
-0.5,-90.2,1,2,0.0,7.15,0.2057,38.28,96.75,24.54,-1738.2,1.0666,1.0,2.0,0.5
28.1,-94.4,2,2,0.0,7.46,0.374,36.41,102.96,13.77,-2306.7,1.3832,1.0,2.0,1.0
28.5,-80.4,1,2,0.0,0.0,0.2129,42.93,103.66,12.33,-2099.7,1.4542,1.0,2.0,0.5
-0.4,-90.2,1,2,0.0,0.0,0.3635,42.3,111.5,24.76,-1583.9,1.1289,1.0,2.0,0.5
30.5,-81.0,1,2,0.0,364.42,0.3432,36.4,97.76,13.03,-1124.8,1.4449,1.0,2.0,0.5
30.9,-81.3,2,2,0.0,148.8,0.282,40.82,104.88,12.34,-1071.4,1.3976,1.0,2.0,1.0
-25.8,34.6,1,2,0.0,180.14,0.2451,45.06,89.9,12.42,-2499.8,0.9283,1.0,2.0,0.5
32.0,-79.3,2,2,0.0,0.0,0.3037,36.79,97.53,11.35,-1300.7,1.3378,1.0,2.0,1.0
-20.2,148.9,1,2,0.0,0.62,0.2017,38.06,97.26,15.25,-2865.4,0.8739,1.0,2.0,0.5
30.6,-81.3,1,2,0.0,848.51,0.4759,40.89,89.74,11.87,-1572.3,1.3818,1.0,2.0,0.5
-22.9,113.8,1,2,0.0,3.39,0.1242,43.79,92.16,13.33,-2806.5,0.9328,1.0,2.0,0.5
-16.3,145.8,1,2,0.0,0.16,0.362,43.48,99.4,18.14,-2742.7,0.935,1.0,2.0,0.5
31.4,-79.2,1,2,0.0,0.0,0.3234,42.02,86.06,11.14,-361.8,1.4505,1.0,2.0,0.5
31.2,-81.2,1,2,0.0,3.77,0.4397,40.75,97.4,12.43,-1003.5,1.4771,1.0,2.0,0.5
27.3,-96.6,2,2,0.0,0.0,0.2497,41.08,102.54,14.62,-3120.6,1.4053,1.0,2.0,1.0
28.0,-96.4,1,2,0.0,0.0,0.3099,45.84,98.15,12.62,-2256.8,1.3401,1.0,2.0,0.5
31.3,-81.0,1,2,0.0,356.93,0.3293,40.53,94.51,12.8,-1582.5,1.3842,1.0,2.0,0.5
31.0,-81.1,1,2,0.0,0.07,0.2339,44.52,97.89,10.92,-677.8,1.457,1.0,2.0,0.5
-28.4,32.4,1,2,0.0,25.25,0.3799,37.55,91.86,11.11,-2047.0,0.8315,1.0,2.0,0.5
31.2,-79.3,1,2,0.0,339.67,0.4272,38.22,117.34,11.22,-987.6,1.3801,1.0,2.0,0.5
-19.8,36.4,1,2,0.0,37.15,0.3697,34.63,91.61,16.69,-2280.1,0.7728,1.0,2.0,0.5
31.3,-78.9,1,2,0.0,47.4,0.2662,40.76,101.69,11.71,-1550.9,1.4619,1.0,2.0,0.5
-29.1,31.9,1,2,0.0,317.96,0.3474,38.0,95.35,11.46,-1862.0,0.8798,1.0,2.0,0.5
-28.1,32.6,1,2,0.0,45.0,0.3384,46.99,105.58,12.25,-1797.1,0.8165,1.0,2.0,0.5
-29.1,32.1,1,2,0.0,5.85,0.3864,41.32,100.5,11.72,-1901.2,0.9004,1.0,2.0,0.5
-28.0,32.6,1,2,0.0,87.63,0.4718,40.41,90.54,11.24,-2124.1,0.8692,1.0,2.0,0.5
-27.9,32.7,1,2,0.0,0.0,0.3424,38.81,106.12,12.92,-1362.8,0.8203,1.0,2.0,0.5
27.8,-96.7,1,2,0.0,0.0,0.2489,38.52,115.04,12.75,-2259.6,1.4399,1.0,2.0,0.5
25.3,-70.3,1,2,0.0,362.59,0.2673,40.03,90.6,13.31,-2169.4,1.5198,1.0,2.0,0.5
27.7,-71.3,1,2,0.0,0.0,0.3606,43.77,99.43,12.13,-2077.7,1.4979,1.0,2.0,0.5
31.1,-80.0,2,2,0.0,70.5,0.1974,42.36,112.7,10.82,-898.3,1.4165,1.0,2.0,1.0
25.4,-83.5,1,2,0.0,0.0,0.2158,35.34,105.06,12.46,-2353.4,1.3326,1.0,2.0,0.5
-18.1,37.6,1,2,0.0,0.0,0.2785,43.99,109.21,14.75,-2615.4,0.9118,1.0,2.0,0.5
27.5,-96.6,1,2,0.0,11.57,0.2828,41.3,110.27,12.29,-2352.2,1.3446,1.0,2.0,0.5
-29.0,31.9,2,2,0.0,204.26,0.2624,47.34,96.53,10.9,-2047.2,0.9373,1.0,2.0,1.0
27.8,-94.9,1,2,0.0,0.0,0.3951,39.11,97.17,16.01,-2282.9,1.4165,1.0,2.0,0.5
26.9,-96.8,1,2,0.0,0.0,0.2884,37.99,112.49,15.97,-2206.5,1.4373,1.0,2.0,0.5
31.1,-81.1,2,2,0.0,3.03,0.3496,37.01,101.69,10.62,-1076.6,1.4961,1.0,2.0,1.0
-28.5,32.5,1,2,0.0,84.25,0.3358,41.12,92.47,12.78,-2142.3,0.7589,1.0,2.0,0.5
31.1,-79.2,1,2,0.0,0.0,0.3139,42.48,106.03,13.35,-1113.9,1.3508,1.0,2.0,0.5
32.6,-55.1,1,2,0.003,410.6,0.2729,42.69,99.46,11.23,-1199.8,1.5451,0.997,1.99,0.5
-30.6,34.2,1,2,0.228,823.68,0.3149,40.65,104.18,10.61,-1122.0,0.8841,0.772,1.54,0.5
-25.0,152.6,1,2,0.24,26.27,0.331,40.95,89.62,11.7,-2697.6,0.8407,0.76,1.52,0.5
31.1,-79.9,1,1,0.0,0.0,0.3886,40.11,99.01,11.42,-1112.6,1.4602,1.0,1.0,1.0
28.8,-63.3,1,1,0.0,0.0,0.5283,44.78,96.25,13.45,-2925.5,1.5394,1.0,1.0,1.0
28.8,-67.0,1,1,0.0,401.36,0.4347,33.02,115.66,13.16,-2692.3,1.4066,1.0,1.0,1.0
30.3,-67.8,1,1,0.0,158.53,0.0776,42.47,100.32,11.17,-10.0,1.5018,1.0,1.0,1.0
28.7,-80.4,1,1,0.0,0.0,0.3671,36.55,108.64,17.07,-2734.1,1.4053,1.0,1.0,1.0
28.6,-65.5,1,1,0.0,730.62,0.3323,37.31,99.78,11.58,-2697.8,1.4933,1.0,1.0,1.0
30.3,-80.9,1,1,0.0,18.36,0.3934,49.75,119.84,11.15,-1211.4,1.4232,1.0,1.0,1.0
31.1,-79.5,1,1,0.0,177.41,0.3323,47.75,95.08,12.91,-913.0,1.348,1.0,1.0,1.0
30.2,-75.0,1,1,0.0,0.0,0.25,38.53,102.02,13.82,-794.6,1.4526,1.0,1.0,1.0
30.2,-80.3,1,1,0.0,0.0,0.2735,37.84,110.39,14.39,-1168.2,1.4513,1.0,1.0,1.0
30.2,-80.6,1,1,0.0,0.0,0.411,46.4,103.83,11.87,-1878.6,1.4571,1.0,1.0,1.0
30.1,-72.6,1,1,0.0,0.0,0.3187,31.91,115.44,11.89,-1174.2,1.5239,1.0,1.0,1.0
30.1,-74.3,1,1,0.0,0.0,0.1171,42.53,101.12,10.9,-1113.3,1.4468,1.0,1.0,1.0
30.1,-81.2,1,1,0.0,0.0,0.2534,43.14,99.04,13.14,-1734.1,1.3461,1.0,1.0,1.0
31.1,-79.1,1,1,0.0,0.0,0.4294,46.67,90.26,12.4,-689.0,1.3462,1.0,1.0,1.0
29.9,-77.8,1,1,0.0,0.0,0.2397,36.85,99.36,12.22,-2062.0,1.3942,1.0,1.0,1.0
30.0,-79.5,1,1,0.0,0.0,0.4108,27.15,95.41,10.97,-104.5,1.3488,1.0,1.0,1.0
29.0,-80.3,1,1,0.0,0.0,0.2262,33.63,79.07,11.94,-2702.6,1.4728,1.0,1.0,1.0
30.9,-80.9,1,1,0.0,0.0,0.2402,37.56,96.46,11.59,-10.0,1.4423,1.0,1.0,1.0
30.8,-78.9,1,1,0.0,0.0,0.1746,43.03,100.17,15.7,-1418.3,1.5041,1.0,1.0,1.0
30.9,-78.7,1,1,0.0,0.0,0.1962,36.6,83.79,14.31,-1046.2,1.3805,1.0,1.0,1.0
30.8,-79.5,1,1,0.0,0.0,0.282,40.16,115.9,11.36,-1099.6,1.4468,1.0,1.0,1.0
30.8,-81.0,1,1,0.0,82.03,0.3681,32.09,94.5,13.13,-2111.8,1.4888,1.0,1.0,1.0
30.8,-81.1,1,1,0.0,71.46,0.3081,34.95,93.51,12.02,-974.3,1.549,1.0,1.0,1.0
29.9,-80.9,1,1,0.0,1776.0,0.1442,42.11,104.12,11.92,-2057.3,1.5003,1.0,1.0,1.0
30.9,-74.8,1,1,0.0,0.0,0.246,35.08,97.52,11.8,-851.5,1.5393,1.0,1.0,1.0
29.8,-80.2,1,1,0.0,0.0,0.2122,42.31,102.05,10.55,-2568.7,1.4863,1.0,1.0,1.0
31.0,-81.2,1,1,0.0,297.03,0.2545,36.32,114.73,12.4,-378.7,1.2947,1.0,1.0,1.0
29.8,-81.1,1,1,0.0,0.0,0.3295,51.06,95.0,11.88,-2797.5,1.5709,1.0,1.0,1.0
29.7,-73.9,1,1,0.0,0.0,0.3991,44.66,105.45,11.08,-2297.2,1.4163,1.0,1.0,1.0
29.7,-78.2,1,1,0.0,353.13,0.3672,39.73,106.53,12.45,-2357.2,1.3167,1.0,1.0,1.0
30.3,-75.4,1,1,0.0,664.62,0.199,38.83,124.63,12.53,-1152.4,1.289,1.0,1.0,1.0
30.6,-80.2,1,1,0.0,24.56,0.2247,34.98,90.18,12.41,-1150.2,1.2529,1.0,1.0,1.0
30.6,-80.3,1,1,0.0,25.18,0.4304,32.8,104.71,13.84,-1119.1,1.4026,1.0,1.0,1.0
30.5,-79.1,1,1,0.0,0.0,0.2555,47.05,101.47,10.86,-1020.4,1.5975,1.0,1.0,1.0
31.0,-81.0,1,1,0.0,0.0,0.332,47.61,96.56,10.8,-362.9,1.4133,1.0,1.0,1.0
31.0,-74.6,1,1,0.0,0.0,0.1256,41.26,105.4,11.66,-874.6,1.6499,1.0,1.0,1.0
30.3,-80.8,1,1,0.0,0.0,0.376,40.23,100.11,11.48,-799.3,1.4224,1.0,1.0,1.0
30.3,-76.8,1,1,0.0,0.0,0.3585,42.89,101.14,10.67,-2034.1,1.5076,1.0,1.0,1.0
30.3,-73.1,1,1,0.0,367.74,0.1122,34.69,118.68,12.0,-978.4,1.5111,1.0,1.0,1.0
31.1,-80.3,1,1,0.0,34.01,0.1817,50.36,107.33,11.33,-963.5,1.3952,1.0,1.0,1.0
30.5,-81.3,1,1,0.0,0.0,0.3207,41.67,95.96,12.77,-1270.2,1.3199,1.0,1.0,1.0
30.4,-80.0,1,1,0.0,636.57,0.2646,40.19,84.11,14.25,-1213.8,1.2364,1.0,1.0,1.0
30.4,-81.1,1,1,0.0,0.0,0.1808,44.86,101.38,15.11,-1107.5,1.5857,1.0,1.0,1.0
30.3,-66.0,1,1,0.0,0.0,0.2959,43.08,107.28,11.06,-1526.6,1.3485,1.0,1.0,1.0
30.7,-81.4,1,1,0.0,0.0,0.4617,40.14,85.04,12.89,-1754.1,1.4637,1.0,1.0,1.0
28.0,-96.2,1,1,0.0,23.28,0.3517,37.11,93.07,12.56,-1985.9,1.2871,1.0,1.0,1.0
28.0,-96.1,1,1,0.0,0.0,0.2987,50.25,95.54,13.63,-1664.4,1.4676,1.0,1.0,1.0
27.7,-95.6,1,1,0.0,4.16,0.3098,38.03,105.13,16.04,-2298.2,1.44,1.0,1.0,1.0
27.7,-94.9,1,1,0.0,14.7,0.287,30.87,97.42,12.31,-2053.9,1.3243,1.0,1.0,1.0
27.7,-94.5,1,1,0.0,963.53,0.2608,40.93,81.44,11.77,-2264.0,1.5259,1.0,1.0,1.0
27.8,-96.3,1,1,0.0,2.83,0.2139,30.54,99.45,12.44,-2618.5,1.2125,1.0,1.0,1.0
28.0,-94.5,1,1,0.0,0.0,0.2526,45.24,118.28,15.09,-2649.7,1.3991,1.0,1.0,1.0
28.0,-93.8,1,1,0.0,279.47,0.2254,46.9,108.79,14.77,-2593.1,1.2895,1.0,1.0,1.0
28.0,-92.3,1,1,0.0,55.26,0.1274,38.77,102.13,12.6,-2822.4,1.5304,1.0,1.0,1.0
28.1,-92.8,1,1,0.0,0.0,0.3322,31.63,105.91,12.81,-2039.5,1.4997,1.0,1.0,1.0
28.1,-97.0,1,1,0.0,10.0,0.2828,42.96,97.47,12.91,-2212.7,1.4498,1.0,1.0,1.0
28.1,-96.3,1,1,0.0,0.0,0.2898,44.53,104.19,15.09,-2382.3,1.4252,1.0,1.0,1.0
28.1,-95.8,1,1,0.0,0.0,0.3378,37.11,100.83,15.67,-2619.3,1.5352,1.0,1.0,1.0
28.1,-94.8,1,1,0.0,9.17,0.2838,35.37,98.46,16.53,-2929.9,1.2234,1.0,1.0,1.0
28.1,-94.6,1,1,0.0,0.0,0.1036,34.84,87.86,13.71,-2710.6,1.4028,1.0,1.0,1.0
27.8,-76.3,1,1,0.0,494.03,0.2516,44.12,94.5,13.64,-2313.6,1.3787,1.0,1.0,1.0
27.8,-71.5,1,1,0.0,325.82,0.3871,37.74,94.93,12.31,-2026.8,1.4405,1.0,1.0,1.0
27.9,-96.5,1,1,0.0,27.24,0.1861,33.46,94.19,14.16,-2621.2,1.2466,1.0,1.0,1.0
27.9,-95.8,1,1,0.0,0.0,0.1345,44.47,98.37,10.91,-2683.9,1.4049,1.0,1.0,1.0
28.2,-95.8,1,1,0.0,54.92,0.2581,49.48,109.8,13.2,-2365.3,1.2391,1.0,1.0,1.0
28.0,-91.7,1,1,0.0,460.59,0.443,33.35,94.61,12.61,-1447.7,1.5868,1.0,1.0,1.0
27.1,-90.7,1,1,0.0,0.0,0.2058,41.57,98.67,14.59,-2180.2,1.4693,1.0,1.0,1.0
27.8,-95.8,1,1,0.0,34.22,0.3218,47.7,111.21,14.18,-2663.6,1.4414,1.0,1.0,1.0
27.8,-95.7,1,1,0.0,88.58,0.2301,34.74,109.98,14.86,-2355.3,1.3904,1.0,1.0,1.0
27.8,-95.0,1,1,0.0,0.0,0.4721,41.77,102.52,12.25,-1981.3,1.345,1.0,1.0,1.0
27.8,-94.6,1,1,0.0,0.0,0.2014,44.84,98.14,13.75,-1923.5,1.2929,1.0,1.0,1.0
27.8,-94.2,1,1,0.0,249.41,0.3843,48.27,96.21,13.22,-2550.3,1.3507,1.0,1.0,1.0
27.8,-94.1,1,1,0.0,91.31,0.3357,38.18,103.84,12.93,-2062.9,1.4046,1.0,1.0,1.0
27.8,-93.3,1,1,0.0,0.0,0.2812,36.59,107.59,13.12,-2743.5,1.3837,1.0,1.0,1.0
27.8,-91.7,1,1,0.0,0.0,0.1954,47.46,106.85,11.72,-2480.6,1.378,1.0,1.0,1.0
27.9,-76.8,1,1,0.0,0.0,0.2015,41.36,80.76,12.15,-2030.7,1.3943,1.0,1.0,1.0
27.5,-96.5,1,1,0.0,0.0,0.2885,37.14,99.63,11.13,-2092.1,1.3757,1.0,1.0,1.0
27.5,-96.4,1,1,0.0,195.04,0.368,41.37,113.68,11.36,-2436.5,1.5718,1.0,1.0,1.0
27.6,-97.0,1,1,0.0,0.0,0.3128,36.05,87.4,11.78,-2098.8,1.4709,1.0,1.0,1.0
27.6,-96.7,1,1,0.0,0.0,0.3387,47.02,100.29,11.61,-2357.8,1.3087,1.0,1.0,1.0
27.9,-95.4,1,1,0.0,73.55,0.279,36.66,91.91,12.11,-2060.6,1.5345,1.0,1.0,1.0
27.9,-94.7,1,1,0.0,38.21,0.275,43.12,100.2,11.31,-1826.0,1.326,1.0,1.0,1.0
27.9,-94.6,1,1,0.0,1776.0,0.2256,44.05,110.57,13.63,-2270.9,1.4984,1.0,1.0,1.0
27.9,-94.5,1,1,0.0,0.0,0.2439,46.65,123.23,12.93,-1912.1,1.4262,1.0,1.0,1.0
27.9,-92.7,1,1,0.0,0.0,0.0966,37.67,111.99,12.72,-2685.2,1.3942,1.0,1.0,1.0
27.9,-92.5,1,1,0.0,0.0,0.2181,42.57,104.07,12.45,-1322.3,1.453,1.0,1.0,1.0
27.4,-93.8,1,1,0.0,86.86,0.1717,48.5,94.76,13.85,-2806.0,1.448,1.0,1.0,1.0
28.1,-94.3,1,1,0.0,0.0,0.2893,40.18,101.49,11.38,-2144.2,1.5277,1.0,1.0,1.0
28.1,-93.4,1,1,0.0,0.0,0.2519,42.55,95.51,11.49,-2687.5,1.3481,1.0,1.0,1.0
31.1,-78.8,1,1,0.0,0.0,0.2022,40.47,97.5,10.83,-1018.1,1.2847,1.0,1.0,1.0
28.1,-92.3,1,1,0.0,460.91,0.1593,35.73,72.32,14.58,-2231.0,1.4006,1.0,1.0,1.0
28.1,-91.7,1,1,0.0,47.52,0.3532,43.44,79.76,13.6,-2760.5,1.3454,1.0,1.0,1.0
29.0,-71.7,1,1,0.0,0.0,0.3361,33.37,115.67,12.21,-2550.3,1.4087,1.0,1.0,1.0
29.2,-80.3,1,1,0.0,155.35,0.375,41.7,94.24,11.73,-2086.9,1.3704,1.0,1.0,1.0
29.2,-80.2,1,1,0.0,0.0,0.4961,47.75,104.44,10.58,-2536.5,1.4692,1.0,1.0,1.0
29.2,-79.4,1,1,0.0,0.0,0.2466,38.19,105.52,12.53,-2167.5,1.3311,1.0,1.0,1.0
28.2,-95.7,1,1,0.0,59.49,0.4003,37.6,90.42,10.65,-2452.6,1.5439,1.0,1.0,1.0
29.3,-73.2,1,1,0.0,248.1,0.3049,47.14,123.92,13.19,-2126.5,1.4163,1.0,1.0,1.0
29.5,-78.0,1,1,0.0,466.41,0.4096,36.4,100.19,10.71,-2269.8,1.3931,1.0,1.0,1.0
29.5,-73.1,1,1,0.0,504.6,0.3147,35.32,101.79,11.34,-2539.3,1.5273,1.0,1.0,1.0
29.5,-66.7,1,1,0.0,301.98,0.2381,42.52,111.96,13.4,-1686.2,1.517,1.0,1.0,1.0
29.7,-80.8,1,1,0.0,34.02,0.2615,38.13,104.81,12.44,-1537.3,1.4146,1.0,1.0,1.0
28.3,-76.5,1,1,0.0,0.0,0.3849,46.29,100.58,14.23,-2286.7,1.4206,1.0,1.0,1.0
28.4,-95.3,1,1,0.0,0.0,0.2878,45.2,97.97,11.3,-2655.8,1.4168,1.0,1.0,1.0
28.4,-95.0,1,1,0.0,0.0,0.2634,44.25,90.83,12.43,-1935.3,1.3928,1.0,1.0,1.0
28.4,-94.8,1,1,0.0,14.96,0.204,47.53,92.33,13.72,-2440.4,1.3978,1.0,1.0,1.0
28.4,-94.6,1,1,0.0,0.0,0.3713,45.37,108.27,14.78,-2841.2,1.4227,1.0,1.0,1.0
29.3,-86.4,1,1,0.0,0.0,0.2671,40.94,97.15,12.96,-2100.9,1.4323,1.0,1.0,1.0
28.2,-95.4,1,1,0.0,61.12,0.2899,38.34,102.91,12.67,-1987.2,1.4739,1.0,1.0,1.0
28.2,-94.7,1,1,0.0,10.06,0.3045,42.52,107.76,12.24,-2808.5,1.3734,1.0,1.0,1.0
28.2,-65.1,1,1,0.0,0.0,0.3252,43.78,88.08,13.38,-1937.6,1.4742,1.0,1.0,1.0
28.3,-95.7,1,1,0.0,18.57,0.3392,42.25,58.88,12.57,-2526.5,1.3799,1.0,1.0,1.0
28.3,-95.1,1,1,0.0,26.87,0.307,36.44,88.15,12.32,-2916.5,1.4073,1.0,1.0,1.0
28.3,-95.0,1,1,0.0,24.72,0.2166,45.04,102.57,12.15,-2016.3,1.4778,1.0,1.0,1.0
28.3,-79.8,1,1,0.0,73.34,0.416,34.47,109.18,11.59,-2745.1,1.3871,1.0,1.0,1.0
28.0,-96.0,1,1,0.0,140.23,0.2174,46.16,96.53,12.43,-2166.4,1.5576,1.0,1.0,1.0
28.0,-95.3,1,1,0.0,236.93,0.2378,39.8,95.29,12.63,-2900.5,1.3808,1.0,1.0,1.0
28.6,-67.5,1,1,0.0,0.0,0.2381,40.78,86.4,12.4,-2448.3,1.3418,1.0,1.0,1.0
28.0,-94.9,1,1,0.0,30.85,0.3561,32.88,106.26,12.32,-2451.4,1.3586,1.0,1.0,1.0
28.0,-94.8,1,1,0.0,0.0,0.3585,42.99,100.85,11.41,-2201.2,1.5961,1.0,1.0,1.0
28.4,-94.5,1,1,0.0,128.85,0.4589,38.12,96.26,12.07,-2481.6,1.3889,1.0,1.0,1.0
28.4,-93.3,1,1,0.0,128.06,0.4591,28.84,95.81,10.86,-2249.8,1.5834,1.0,1.0,1.0
28.4,-76.7,1,1,0.0,1617.65,0.3207,38.8,105.19,12.41,-2151.7,1.29,1.0,1.0,1.0
28.5,-86.0,1,1,0.0,1776.0,0.2724,35.0,83.96,13.3,-1139.3,1.3105,1.0,1.0,1.0
28.5,-85.6,1,1,0.0,0.0,0.1819,39.38,92.56,13.35,-2328.3,1.4832,1.0,1.0,1.0
28.5,-71.9,1,1,0.0,0.0,0.3442,39.01,98.78,11.53,-2291.5,1.3379,1.0,1.0,1.0
28.5,-68.6,1,1,0.001,0.0,0.2338,44.01,95.86,10.47,-2317.5,1.2967,0.999,1.0,1.0
28.6,-94.8,1,1,0.0,26.05,0.2806,40.18,97.16,13.42,-2251.2,1.3132,1.0,1.0,1.0
28.0,-95.1,1,1,0.0,0.0,0.2991,46.45,88.89,13.2,-2876.4,1.3896,1.0,1.0,1.0
33.5,-78.0,1,1,0.0,0.0,0.4124,41.1,111.82,11.51,-1155.9,1.3217,1.0,1.0,1.0
33.5,-64.0,1,1,0.0,0.0,0.2823,48.85,101.23,10.93,-10.0,1.5854,1.0,1.0,1.0
34.3,-77.0,1,1,0.0,0.0,0.5669,41.34,112.68,12.38,-1692.3,1.5886,1.0,1.0,1.0
34.4,-77.1,1,1,0.0,0.0,0.2669,40.29,103.94,10.58,-1189.4,1.3966,1.0,1.0,1.0
34.4,-77.0,1,1,0.0,0.0,0.3918,35.56,87.66,11.56,-1329.8,1.3571,1.0,1.0,1.0
34.4,-73.7,1,1,0.0,100.22,0.5281,40.06,85.43,11.55,-441.2,1.4112,1.0,1.0,1.0
34.4,-73.4,1,1,0.0,554.69,0.3741,40.69,105.09,10.86,-1549.6,1.4493,1.0,1.0,1.0
34.4,-69.3,1,1,0.0,169.27,0.2044,40.92,84.67,10.77,-557.6,1.3472,1.0,1.0,1.0
34.4,-69.2,1,1,0.0,0.0,0.2409,40.93,106.74,11.53,-1157.9,1.5847,1.0,1.0,1.0
27.8,-96.2,1,1,0.0,148.91,0.2749,34.64,104.69,15.23,-3002.3,1.2801,1.0,1.0,1.0
34.5,-76.0,1,1,0.0,296.16,0.1753,41.91,105.35,12.77,-1177.9,1.4851,1.0,1.0,1.0
33.7,-78.6,1,1,0.0,70.13,0.4054,41.86,110.87,10.62,-10.0,1.4571,1.0,1.0,1.0
33.7,-78.0,1,1,0.0,0.0,0.1385,40.96,105.57,13.04,-613.3,1.3869,1.0,1.0,1.0
33.7,-76.4,1,1,0.0,0.0,0.1362,45.68,109.57,13.61,-1283.7,1.2977,1.0,1.0,1.0
33.7,-76.0,1,1,0.0,0.0,0.3258,40.62,100.58,10.9,-1292.6,1.563,1.0,1.0,1.0
33.8,-73.0,1,1,0.0,68.77,0.3125,53.17,107.22,12.39,-646.4,1.2944,1.0,1.0,1.0
33.9,-76.2,1,1,0.0,1776.0,0.2196,42.03,99.59,12.07,-469.7,1.447,1.0,1.0,1.0
33.9,-74.9,1,1,0.0,0.0,0.1901,50.8,92.52,10.76,-455.0,1.5002,1.0,1.0,1.0
34.8,-39.1,1,1,0.0,0.0,0.3176,44.05,108.63,12.07,-397.1,1.5025,1.0,1.0,1.0
34.9,-76.0,1,1,0.0,0.0,0.2741,48.3,121.64,11.41,-300.6,1.5034,1.0,1.0,1.0
34.5,-76.4,1,1,0.0,0.0,0.2931,44.34,115.96,12.56,-1029.7,1.3391,1.0,1.0,1.0
32.8,-74.6,1,1,0.0,0.0,0.2778,31.12,108.5,12.56,-1558.6,1.5454,1.0,1.0,1.0
32.8,-66.2,1,1,0.0,154.49,0.2487,42.21,101.52,11.26,-1371.0,1.3504,1.0,1.0,1.0
32.8,-53.5,1,1,0.0,973.13,0.4898,44.98,112.63,11.14,-892.4,1.4767,1.0,1.0,1.0
32.9,-79.1,1,1,0.0,197.54,0.2761,48.34,87.35,13.41,-975.3,1.4109,1.0,1.0,1.0
32.9,-73.2,1,1,0.0,0.0,0.382,37.47,93.38,11.92,-2008.6,1.3586,1.0,1.0,1.0
32.9,-65.9,1,1,0.0,0.0,0.4826,34.15,90.47,10.81,-1122.3,1.4137,1.0,1.0,1.0
32.9,-53.5,1,1,0.0,624.13,0.3081,36.52,101.44,12.94,-10.0,1.4677,1.0,1.0,1.0
33.2,-77.9,1,1,0.0,80.12,0.3758,36.38,103.68,11.05,-1184.5,1.4219,1.0,1.0,1.0
33.9,-69.9,1,1,0.0,0.0,0.2659,41.02,96.38,11.78,-513.5,1.5103,1.0,1.0,1.0
33.9,-66.1,1,1,0.0,0.0,0.3839,41.73,104.12,10.95,-792.4,1.3357,1.0,1.0,1.0
33.5,-78.9,1,1,0.0,0.0,0.2782,42.41,94.34,11.1,-1050.3,1.4189,1.0,1.0,1.0
33.9,-62.9,1,1,0.0,465.24,0.1631,31.37,107.42,11.61,-1052.0,1.4026,1.0,1.0,1.0
34.0,-77.7,1,1,0.0,34.69,0.05,44.37,94.3,10.72,-2138.3,1.6404,1.0,1.0,1.0
33.2,-75.4,1,1,0.001,168.93,0.4593,39.65,95.72,10.58,-190.8,1.4331,0.999,1.0,1.0
33.3,-77.2,1,1,0.0,1223.02,0.2373,33.11,106.29,11.03,-884.5,1.3287,1.0,1.0,1.0
33.4,-78.9,1,1,0.0,142.41,0.3329,40.06,97.0,11.62,-389.1,1.4828,1.0,1.0,1.0
33.4,-78.7,1,1,0.0,457.77,0.3921,41.15,98.09,12.87,-1313.0,1.5297,1.0,1.0,1.0
33.4,-77.3,1,1,0.0,0.0,0.2842,38.72,101.49,10.9,-1009.5,1.5958,1.0,1.0,1.0
33.4,-77.0,1,1,0.0,0.0,0.1414,34.75,100.31,12.0,-1819.0,1.4282,1.0,1.0,1.0
33.4,-73.7,1,1,0.0,346.0,0.3982,32.24,83.44,11.0,-265.4,1.3599,1.0,1.0,1.0
33.5,-79.1,1,1,0.0,0.0,0.1344,43.67,90.11,11.04,-866.8,1.3612,1.0,1.0,1.0
33.9,-63.0,1,1,0.0,190.87,0.441,46.35,111.44,11.91,-769.6,1.2417,1.0,1.0,1.0
37.1,-57.5,1,1,0.0,0.0,0.1858,39.72,98.04,11.08,-10.0,1.4473,1.0,1.0,1.0
37.1,-52.3,1,1,0.0,435.47,0.2957,38.77,90.77,11.3,-742.7,1.5793,1.0,1.0,1.0
37.2,-60.5,1,1,0.0,0.0,0.4783,37.0,105.29,11.57,-765.9,1.5174,1.0,1.0,1.0
37.3,-73.5,1,1,0.0,0.0,0.4096,36.27,105.91,12.83,-1320.6,1.5933,1.0,1.0,1.0
41.8,-69.3,1,1,0.0,1776.0,0.1702,35.54,97.7,11.58,-635.5,1.462,1.0,1.0,1.0
37.6,-71.6,1,1,0.0,0.0,0.1892,36.66,112.22,11.64,-1284.4,1.4955,1.0,1.0,1.0
37.7,-74.7,1,1,0.0,79.6,0.3319,27.57,102.15,11.03,-831.3,1.4307,1.0,1.0,1.0
38.0,-40.4,1,1,0.0,0.0,0.2103,39.19,105.81,10.64,-28.2,1.5874,1.0,1.0,1.0
38.1,-73.7,1,1,0.0,0.0,0.2445,41.23,94.12,11.14,-990.7,1.5205,1.0,1.0,1.0
34.9,-59.2,1,1,0.0,0.0,0.2862,40.86,96.8,11.84,-10.0,1.3819,1.0,1.0,1.0
38.2,-58.8,1,1,0.0,0.0,0.3406,36.94,105.93,11.57,-901.0,1.452,1.0,1.0,1.0
38.5,-74.6,1,1,0.0,234.61,0.2552,38.37,103.62,10.61,-761.3,1.4458,1.0,1.0,1.0
38.5,-54.4,1,1,0.0,0.0,0.1002,41.04,79.4,10.63,-1097.1,1.3647,1.0,1.0,1.0
38.6,-39.8,1,1,0.003,0.0,0.1735,38.69,92.14,10.56,-241.8,1.5051,0.997,1.0,1.0
38.7,-66.9,1,1,0.0,62.49,0.3633,42.23,120.08,11.04,-1187.6,1.566,1.0,1.0,1.0
39.1,-69.2,1,1,0.0,0.0,0.1297,34.06,92.64,11.12,-10.0,1.3644,1.0,1.0,1.0
34.5,-67.4,1,1,0.0,0.0,0.3934,43.16,124.15,11.1,-10.0,1.4848,1.0,1.0,1.0
34.6,-74.1,1,1,0.0,670.52,0.2317,34.53,93.56,11.42,-840.6,1.2791,1.0,1.0,1.0
34.7,-72.5,1,1,0.0,0.0,0.3321,37.7,106.47,10.6,-812.7,1.536,1.0,1.0,1.0
34.7,-64.6,1,1,0.0,838.85,0.2327,34.41,111.0,10.97,-788.0,1.2528,1.0,1.0,1.0
38.1,-67.4,1,1,0.0,61.75,0.4007,34.2,87.82,11.72,-233.0,1.2735,1.0,1.0,1.0
35.1,-70.2,1,1,0.0,0.0,0.5298,37.95,81.89,10.92,-514.0,1.4022,1.0,1.0,1.0
35.1,-65.9,1,1,0.0,259.35,0.3712,45.9,108.74,10.63,-69.9,1.5295,1.0,1.0,1.0
35.4,-61.2,1,1,0.0,0.0,0.3176,37.52,82.17,11.11,-125.8,1.5342,1.0,1.0,1.0
35.4,-60.5,1,1,0.0,0.0,0.2189,42.94,85.54,10.86,-1017.9,1.3997,1.0,1.0,1.0
35.5,-74.6,1,1,0.0,0.0,0.3184,36.72,93.82,10.57,-1574.3,1.4583,1.0,1.0,1.0
35.5,-62.6,1,1,0.0,472.4,0.4204,37.03,74.99,11.29,-1110.4,1.3578,1.0,1.0,1.0
34.0,-77.6,1,1,0.0,62.22,0.2845,36.76,95.07,10.96,-1535.9,1.33,1.0,1.0,1.0
34.1,-75.9,1,1,0.0,337.95,0.3686,46.82,98.98,10.88,-617.9,1.3189,1.0,1.0,1.0
34.1,-72.0,1,1,0.0,179.91,0.2782,43.42,114.74,10.95,-19.3,1.505,1.0,1.0,1.0
34.1,-68.2,1,1,0.0,167.32,0.3057,45.36,81.78,10.83,-1170.1,1.4248,1.0,1.0,1.0
37.1,-73.9,1,1,0.001,0.0,0.4522,35.65,86.31,10.53,-1456.3,1.3568,0.999,1.0,1.0
34.2,-73.6,1,1,0.0,0.0,0.3042,36.27,87.61,11.79,-1625.4,1.393,1.0,1.0,1.0
34.2,-72.3,1,1,0.0,440.64,0.4419,42.26,88.28,12.07,-1057.4,1.4503,1.0,1.0,1.0
-29.1,36.4,1,1,0.0,74.32,0.4858,43.13,95.4,10.56,-1261.9,0.8639,1.0,1.0,1.0
36.4,-59.3,1,1,0.0,0.0,0.2421,32.7,108.97,11.3,-10.0,1.4555,1.0,1.0,1.0
36.5,-74.0,1,1,0.0,128.41,0.2696,44.03,82.93,11.11,-425.2,1.3852,1.0,1.0,1.0
36.6,-74.1,1,1,0.0,463.23,0.2061,34.1,100.97,11.13,-1431.2,1.5413,1.0,1.0,1.0
36.7,-75.1,1,1,0.0,0.0,0.2583,36.14,91.76,12.04,-559.4,1.379,1.0,1.0,1.0
36.8,-74.8,1,1,0.0,0.0,0.295,41.7,100.45,11.04,-1447.2,1.3943,1.0,1.0,1.0
36.9,-73.7,1,1,0.0,0.0,0.1663,44.24,115.89,10.66,-1460.6,1.5073,1.0,1.0,1.0
37.1,-75.3,1,1,0.002,0.0,0.2411,32.54,81.53,10.48,-1920.9,1.4117,0.998,1.0,1.0
34.1,-65.4,1,1,0.0,0.0,0.4022,30.5,101.99,10.63,-1626.6,1.2971,1.0,1.0,1.0
31.6,-81.0,1,1,0.0,0.0,0.5776,36.0,101.84,11.0,-2014.6,1.2777,1.0,1.0,1.0
31.6,-80.4,1,1,0.0,145.38,0.1889,43.0,99.33,11.47,-406.4,1.5325,1.0,1.0,1.0
31.7,-81.0,1,1,0.0,0.0,0.3891,36.4,92.52,12.58,-1024.8,1.4469,1.0,1.0,1.0
31.7,-79.3,1,1,0.0,0.0,0.263,37.38,100.96,10.88,-10.0,1.3365,1.0,1.0,1.0
31.7,-79.2,1,1,0.0,338.77,0.05,37.43,98.5,11.21,-681.1,1.4901,1.0,1.0,1.0
31.7,-71.6,1,1,0.0,0.0,0.307,34.3,97.49,11.0,-451.3,1.296,1.0,1.0,1.0
31.8,-80.8,1,1,0.0,0.0,0.2497,30.48,100.82,11.24,-587.0,1.3066,1.0,1.0,1.0
31.8,-77.1,1,1,0.0,205.89,0.3893,40.07,100.22,12.21,-458.0,1.2527,1.0,1.0,1.0
31.8,-63.2,1,1,0.0,0.0,0.3649,34.23,104.28,11.82,-500.6,1.5236,1.0,1.0,1.0
32.8,-75.2,1,1,0.0,186.23,0.2461,32.91,101.0,11.5,-1196.3,1.3068,1.0,1.0,1.0
31.2,-79.2,1,1,0.0,0.0,0.2639,45.08,103.38,12.53,-1017.6,1.4207,1.0,1.0,1.0
31.2,-74.0,1,1,0.0,0.0,0.2246,41.49,107.79,11.28,-212.4,1.4276,1.0,1.0,1.0
31.3,-81.3,1,1,0.0,0.0,0.3711,34.56,96.66,12.16,-1843.3,1.4308,1.0,1.0,1.0
31.9,-75.9,1,1,0.0,0.0,0.4093,32.29,99.42,11.43,-1022.1,1.3854,1.0,1.0,1.0
32.0,-80.3,1,1,0.003,160.3,0.296,33.21,106.88,10.55,-593.6,1.4557,0.997,1.0,1.0
32.0,-78.7,1,1,0.0,0.0,0.192,33.48,93.7,11.66,-429.5,1.395,1.0,1.0,1.0
32.0,-69.1,1,1,0.0,0.0,0.2761,34.41,103.01,11.25,-662.3,1.4714,1.0,1.0,1.0
32.0,-66.2,1,1,0.0,59.67,0.2526,38.15,105.11,12.33,-890.1,1.4822,1.0,1.0,1.0
32.1,-80.3,1,1,0.0,0.0,0.1913,41.58,90.32,10.96,-1044.4,1.5008,1.0,1.0,1.0
32.2,-80.6,1,1,0.0,0.0,0.2823,39.13,94.19,12.73,-1567.1,1.5416,1.0,1.0,1.0
31.9,-79.7,1,1,0.0,1776.0,0.3867,34.67,109.82,14.88,-730.8,1.3834,1.0,1.0,1.0
31.1,-72.4,1,1,0.0,200.29,0.2823,41.2,101.76,11.08,-715.9,1.5232,1.0,1.0,1.0
31.2,-80.6,1,1,0.0,309.58,0.2449,46.12,76.61,11.29,-1124.4,1.5358,1.0,1.0,1.0
31.2,-80.0,1,1,0.0,6.37,0.4267,42.72,101.91,12.44,-1470.3,1.3463,1.0,1.0,1.0
31.2,-79.8,1,1,0.0,0.0,0.2489,42.24,86.02,12.24,-889.4,1.5957,1.0,1.0,1.0
30.7,-77.3,1,1,0.0,1345.56,0.1312,45.37,100.15,13.48,-714.2,1.6507,1.0,1.0,1.0
30.8,-81.3,1,1,0.0,0.0,0.215,34.04,83.13,11.92,-939.3,1.4368,1.0,1.0,1.0
30.8,-81.2,1,1,0.0,0.0,0.444,43.03,88.84,12.53,-530.2,1.4305,1.0,1.0,1.0
31.3,-79.9,1,1,0.0,0.0,0.3075,38.52,102.72,11.2,-859.3,1.391,1.0,1.0,1.0
31.3,-76.3,1,1,0.0,229.79,0.2007,38.03,112.81,11.08,-648.2,1.4691,1.0,1.0,1.0
31.3,-75.1,1,1,0.0,0.0,0.1843,37.64,105.18,12.23,-398.5,1.4671,1.0,1.0,1.0
31.5,-75.0,1,1,0.0,0.0,0.2119,40.66,97.23,11.05,-456.3,1.291,1.0,1.0,1.0
31.4,-80.5,1,1,0.0,0.0,0.05,45.27,91.3,10.97,-791.9,1.45,1.0,1.0,1.0
31.4,-80.3,1,1,0.0,0.0,0.2384,48.26,104.47,13.84,-1178.8,1.5138,1.0,1.0,1.0
31.4,-80.2,1,1,0.0,1286.09,0.3724,40.07,97.99,12.47,-1221.5,1.635,1.0,1.0,1.0
31.4,-78.6,1,1,0.0,0.0,0.3707,45.88,93.78,12.35,-813.0,1.2981,1.0,1.0,1.0
31.4,-78.4,1,1,0.0,9.52,0.464,36.79,108.06,12.91,-1228.3,1.4628,1.0,1.0,1.0
31.5,-80.8,1,1,0.0,0.0,0.3928,36.51,121.35,12.29,-506.4,1.3427,1.0,1.0,1.0
31.1,-81.2,1,1,0.0,57.56,0.3725,35.55,117.67,11.64,-649.4,1.4544,1.0,1.0,1.0
31.1,-80.7,1,1,0.002,33.26,0.3179,44.6,102.83,10.53,-1066.4,1.4803,0.998,1.0,1.0
31.5,-78.2,1,1,0.0,219.37,0.3921,36.8,100.27,13.02,-562.0,1.4318,1.0,1.0,1.0
31.5,-77.2,1,1,0.0,44.59,0.1775,32.0,97.77,11.18,-467.8,1.49,1.0,1.0,1.0
31.4,-80.8,1,1,0.0,0.0,0.1737,42.08,110.85,12.17,-1342.0,1.374,1.0,1.0,1.0
35.6,-73.7,1,1,0.0,0.0,0.3942,40.24,84.58,11.83,-1406.1,1.4613,1.0,1.0,1.0
35.6,-73.6,1,1,0.0,0.0,0.4349,42.18,87.66,11.16,-1056.4,1.4123,1.0,1.0,1.0
35.6,-70.3,1,1,0.0,0.0,0.2327,43.65,105.28,11.93,-1011.9,1.4542,1.0,1.0,1.0
35.6,-68.5,1,1,0.0,0.0,0.3825,43.3,109.34,12.04,-1027.4,1.5521,1.0,1.0,1.0
35.7,-73.4,1,1,0.004,0.0,0.4084,42.18,95.33,10.5,-1634.1,1.5575,0.996,1.0,1.0
35.9,-74.8,1,1,0.0,787.78,0.3826,49.98,110.15,11.0,-1299.6,1.5491,1.0,1.0,1.0
36.0,-74.7,1,1,0.0,0.0,0.3287,43.67,104.55,10.81,-1292.6,1.3212,1.0,1.0,1.0
36.0,-74.1,1,1,0.0,474.49,0.2946,43.38,103.1,11.3,-510.0,1.4141,1.0,1.0,1.0
36.0,-71.9,1,1,0.0,100.77,0.3822,40.08,108.82,10.78,-1247.5,1.595,1.0,1.0,1.0
32.2,-80.4,1,1,0.0,70.0,0.4259,37.85,96.44,11.61,-512.1,1.364,1.0,1.0,1.0
36.2,-74.7,1,1,0.001,869.83,0.268,38.07,101.27,10.59,-350.8,1.4015,0.999,1.0,1.0
36.3,-74.0,1,1,0.0,84.02,0.1951,37.03,101.38,11.69,-511.4,1.5255,1.0,1.0,1.0
36.4,-74.7,1,1,0.0,0.0,0.2081,41.04,116.42,11.84,-691.8,1.4955,1.0,1.0,1.0
33.6,-77.8,1,1,0.0,95.51,0.3347,37.04,103.63,10.59,-1300.1,1.4439,1.0,1.0,1.0
33.6,-77.6,1,1,0.0,0.0,0.4045,46.55,88.21,11.07,-773.9,1.3886,1.0,1.0,1.0
33.7,-78.8,1,1,0.0,0.0,0.3316,35.62,81.91,12.78,-823.8,1.5627,1.0,1.0,1.0
32.7,-78.9,1,1,0.0,181.55,0.4225,38.19,100.33,11.1,-238.9,1.5141,1.0,1.0,1.0
32.7,-75.2,1,1,0.0,0.0,0.3531,42.13,84.85,11.88,-583.0,1.5495,1.0,1.0,1.0
32.8,-79.7,1,1,0.0,253.25,0.3956,31.39,113.14,11.66,-1090.4,1.487,1.0,1.0,1.0
32.8,-79.6,1,1,0.0,0.0,0.405,34.64,112.81,13.16,-909.2,1.3759,1.0,1.0,1.0
36.1,-74.6,1,1,0.004,0.0,0.1648,38.39,93.19,10.48,-1778.2,1.4752,0.996,1.0,1.0
32.2,-78.7,1,1,0.0,0.0,0.3215,39.23,92.07,11.65,-1479.1,1.2804,1.0,1.0,1.0
32.2,-78.4,1,1,0.0,0.0,0.2587,44.7,89.53,11.23,-685.4,1.4713,1.0,1.0,1.0
32.2,-66.5,1,1,0.0,0.0,0.3464,38.78,76.14,11.87,-1342.4,1.4864,1.0,1.0,1.0
32.3,-80.0,1,1,0.0,0.0,0.3719,36.06,106.58,10.58,-2077.2,1.3678,1.0,1.0,1.0
31.5,-80.2,1,1,0.0,0.0,0.2162,38.53,87.51,13.03,-157.3,1.4827,1.0,1.0,1.0
31.5,-79.1,1,1,0.0,191.49,0.2302,31.72,106.43,10.96,-1622.9,1.461,1.0,1.0,1.0
31.5,-79.0,1,1,0.0,342.88,0.1878,33.45,74.55,11.83,-1249.9,1.2867,1.0,1.0,1.0
32.3,-76.7,1,1,0.0,0.0,0.0813,40.82,102.99,11.45,-539.9,1.4671,1.0,1.0,1.0
32.3,-75.3,1,1,0.0,0.0,0.2117,44.75,88.05,12.6,-1604.6,1.3579,1.0,1.0,1.0
32.4,-80.1,1,1,0.0,637.8,0.3755,43.05,114.25,13.4,-1177.4,1.4596,1.0,1.0,1.0
33.2,-76.7,1,1,0.0,0.0,0.2704,40.05,112.16,14.54,-647.0,1.4507,1.0,1.0,1.0
32.5,-80.4,1,1,0.0,0.0,0.1919,31.33,113.41,12.56,-1107.1,1.2971,1.0,1.0,1.0
32.5,-80.1,1,1,0.0,83.87,0.3451,43.33,85.62,14.59,-395.4,1.4366,1.0,1.0,1.0
32.5,-77.0,1,1,0.0,0.0,0.4023,29.26,102.44,12.45,-649.9,1.4367,1.0,1.0,1.0
32.5,-62.4,1,1,0.0,409.39,0.2647,32.27,115.65,10.8,-793.8,1.3081,1.0,1.0,1.0
32.6,-75.2,1,1,0.0,0.0,0.3042,49.54,98.15,11.61,-1584.3,1.5239,1.0,1.0,1.0
32.6,-69.0,1,1,0.0,0.0,0.3409,42.26,92.01,11.39,-581.2,1.4772,1.0,1.0,1.0
32.6,-56.8,1,1,0.0,0.0,0.081,44.93,89.56,13.6,-1316.3,1.524,1.0,1.0,1.0
32.7,-79.8,1,1,0.0,0.0,0.3179,46.47,120.7,13.77,-613.2,1.5746,1.0,1.0,1.0
32.7,-79.6,1,1,0.0,0.0,0.1297,37.06,101.72,10.59,-1640.0,1.5475,1.0,1.0,1.0
31.9,-79.6,1,1,0.0,0.0,0.0542,45.09,85.89,11.86,-932.0,1.5326,1.0,1.0,1.0
32.4,-75.5,1,1,0.001,454.45,0.0747,42.15,106.68,10.56,-1077.7,1.3345,0.999,1.0,1.0
-25.5,33.3,1,1,0.0,112.35,0.1076,41.57,104.65,13.31,-2882.0,0.9442,1.0,1.0,1.0
-25.5,37.8,1,1,0.0,0.0,0.2961,41.57,90.17,12.31,-1645.6,0.973,1.0,1.0,1.0
-25.5,46.1,1,1,0.0,0.0,0.2235,45.22,97.62,15.26,-1839.8,0.8508,1.0,1.0,1.0
-24.0,-71.1,1,1,0.0,169.88,0.3278,38.43,92.69,12.64,-2410.9,0.8752,1.0,1.0,1.0
-24.0,36.7,1,1,0.0,0.0,0.2154,29.92,98.47,14.05,-2195.7,0.7968,1.0,1.0,1.0
-24.0,48.4,1,1,0.0,56.33,0.3295,48.74,104.86,13.04,-2109.3,0.8349,1.0,1.0,1.0
-23.8,-76.0,1,1,0.0,1561.41,0.1922,43.7,98.74,13.68,-2376.0,0.8685,1.0,1.0,1.0
-23.8,152.3,1,1,0.0,58.35,0.341,33.12,119.65,10.6,-3116.4,0.8209,1.0,1.0,1.0
-23.7,38.4,1,1,0.0,47.88,0.2243,34.82,97.81,12.5,-1205.8,1.0104,1.0,1.0,1.0
27.4,-96.6,1,1,0.0,0.0,0.1147,38.94,88.83,12.55,-2369.8,1.4185,1.0,1.0,1.0
-23.4,-71.3,1,1,0.0,270.44,0.5392,42.03,108.43,15.53,-2395.6,0.8222,1.0,1.0,1.0
-23.3,-71.2,1,1,0.0,0.0,0.2898,43.18,88.73,12.85,-1809.9,0.8643,1.0,1.0,1.0
-25.1,35.0,1,1,0.0,0.0,0.3782,42.62,83.85,12.18,-2329.7,0.9013,1.0,1.0,1.0
-25.1,35.4,1,1,0.0,306.78,0.2232,47.81,111.81,11.01,-1765.0,0.8574,1.0,1.0,1.0
-25.1,47.2,1,1,0.0,1776.0,0.2388,40.16,111.53,11.88,-1896.1,0.7155,1.0,1.0,1.0
-25.1,47.3,1,1,0.0,0.0,0.3174,47.02,103.93,12.76,-2163.1,0.7737,1.0,1.0,1.0
-25.1,152.6,1,1,0.0,0.0,0.2109,45.73,120.64,13.71,-2213.6,0.7056,1.0,1.0,1.0
-25.0,47.2,1,1,0.0,1440.69,0.4403,46.15,109.41,12.21,-2275.6,0.9267,1.0,1.0,1.0
-22.9,38.2,1,1,0.0,0.0,0.2833,39.18,114.87,13.4,-1862.2,0.8801,1.0,1.0,1.0
-22.9,113.7,1,1,0.0,0.0,0.3694,30.78,82.99,14.61,-2532.2,0.8806,1.0,1.0,1.0
-23.5,-70.8,1,1,0.0,0.0,0.2236,41.68,104.84,16.17,-1525.2,0.9711,1.0,1.0,1.0
-25.1,34.1,1,1,0.0,0.0,0.2453,37.52,92.87,16.03,-1602.1,0.8982,1.0,1.0,1.0
-26.4,53.3,1,1,0.0,0.0,0.371,33.6,91.05,14.82,-2191.5,0.8723,1.0,1.0,1.0
-26.3,33.3,1,1,0.0,924.55,0.2884,37.75,93.14,13.34,-2157.7,0.7943,1.0,1.0,1.0
-26.2,33.0,1,1,0.0,29.67,0.3922,40.49,104.3,11.26,-1871.6,0.8514,1.0,1.0,1.0
-26.2,49.0,1,1,0.0,924.58,0.3765,52.45,97.6,11.92,-1403.5,0.8329,1.0,1.0,1.0
-26.0,53.7,1,1,0.0,0.0,0.2951,34.67,93.41,12.41,-1896.7,0.7344,1.0,1.0,1.0
-26.0,54.1,1,1,0.003,573.27,0.2038,43.54,117.61,10.46,-2056.5,0.9987,0.997,1.0,1.0
-25.9,-71.6,1,1,0.0,0.0,0.05,42.4,88.13,11.21,-2651.8,0.8905,1.0,1.0,1.0
-25.9,44.7,1,1,0.0,0.0,0.3451,38.35,94.42,12.24,-2727.7,0.8384,1.0,1.0,1.0
-25.5,-72.6,1,1,0.0,134.31,0.3662,37.24,102.62,11.65,-2305.5,0.8232,1.0,1.0,1.0
-24.9,35.8,1,1,0.0,0.0,0.2357,37.28,110.79,15.22,-2187.4,0.8205,1.0,1.0,1.0
-24.9,152.6,1,1,0.0,0.0,0.4254,38.58,98.03,14.09,-2422.3,0.6424,1.0,1.0,1.0
-24.9,152.7,1,1,0.0,0.0,0.3638,39.28,101.27,14.29,-2739.9,0.9505,1.0,1.0,1.0
-24.9,152.8,1,1,0.0,0.0,0.2175,38.87,95.8,14.28,-1944.9,0.9917,1.0,1.0,1.0
-24.8,152.8,1,1,0.0,0.0,0.3454,40.44,94.43,12.67,-1994.1,0.9155,1.0,1.0,1.0
-24.7,38.3,1,1,0.0,0.0,0.3104,35.45,108.53,12.66,-1503.3,0.7577,1.0,1.0,1.0
-24.6,153.2,1,1,0.0,91.78,0.3373,28.55,115.42,15.24,-1596.1,1.0891,1.0,1.0,1.0
-25.6,-71.7,1,1,0.0,0.0,0.3829,34.16,107.17,13.14,-2646.3,0.8392,1.0,1.0,1.0
-25.6,33.1,1,1,0.0,67.61,0.2889,51.28,105.06,13.41,-2250.4,0.9214,1.0,1.0,1.0
-25.6,43.4,1,1,0.0,596.99,0.3178,37.88,107.39,13.61,-2326.3,0.8919,1.0,1.0,1.0
-24.9,34.6,1,1,0.0,0.0,0.25,35.68,106.58,12.7,-1412.9,0.9138,1.0,1.0,1.0
-23.2,113.6,1,1,0.0,0.0,0.2587,37.69,98.5,12.3,-2564.4,0.8157,1.0,1.0,1.0
-23.1,-70.9,1,1,0.0,69.31,0.3662,48.52,118.61,13.23,-2285.5,0.9519,1.0,1.0,1.0
-23.1,37.5,1,1,0.0,0.0,0.2233,33.12,89.19,15.1,-1390.2,0.8177,1.0,1.0,1.0
-23.0,35.9,1,1,0.0,0.0,0.4038,41.17,94.89,12.74,-2576.6,0.8869,1.0,1.0,1.0
-23.0,113.8,1,1,0.0,0.88,0.3421,39.65,108.06,15.52,-2027.3,0.8762,1.0,1.0,1.0
-19.0,-78.2,1,1,0.0,545.19,0.2618,42.58,108.5,13.97,-2250.0,0.8237,1.0,1.0,1.0
-18.9,37.2,1,1,0.0,0.0,0.257,43.37,100.48,15.86,-1916.8,0.8673,1.0,1.0,1.0
-18.8,37.2,1,1,0.0,868.77,0.2817,42.57,104.93,18.65,-2087.4,1.0113,1.0,1.0,1.0
-18.5,37.1,1,1,0.0,0.0,0.2593,39.25,99.38,16.19,-2039.7,0.9721,1.0,1.0,1.0
-22.8,38.2,1,1,0.0,152.47,0.3214,41.97,93.47,13.68,-1661.7,1.0529,1.0,1.0,1.0
-18.2,37.2,1,1,0.0,0.0,0.2283,46.64,82.51,14.54,-1880.4,0.9726,1.0,1.0,1.0
-18.2,37.5,1,1,0.0,0.0,0.3611,48.85,112.12,17.58,-2648.6,0.8627,1.0,1.0,1.0
-22.2,35.7,1,1,0.0,0.0,0.2605,35.71,87.8,14.44,-2512.8,0.8642,1.0,1.0,1.0
-22.0,37.9,1,1,0.0,704.64,0.0632,44.2,110.21,13.73,-2085.6,0.9464,1.0,1.0,1.0
-21.9,35.6,1,1,0.0,0.0,0.3647,41.03,89.53,14.21,-1989.5,0.9583,1.0,1.0,1.0
-21.3,35.4,1,1,0.0,105.73,0.1583,45.17,99.77,12.18,-2116.3,0.8547,1.0,1.0,1.0
-21.2,-98.7,1,1,0.0,0.0,0.1457,33.78,108.81,17.05,-2961.5,1.0292,1.0,1.0,1.0
-21.0,38.0,1,1,0.0,37.89,0.0663,34.17,89.76,14.51,-1855.5,1.035,1.0,1.0,1.0
-20.9,37.9,1,1,0.0,393.53,0.3766,41.7,74.02,17.29,-2223.5,0.708,1.0,1.0,1.0
-16.3,145.9,1,1,0.0,1.82,0.304,35.52,96.69,16.85,-3155.0,1.0792,1.0,1.0,1.0
-18.5,37.3,1,1,0.0,605.09,0.2118,30.64,92.37,15.21,-2641.8,0.9914,1.0,1.0,1.0
-22.8,113.7,1,1,0.0,0.0,0.5269,45.99,116.19,16.14,-2451.0,0.7554,1.0,1.0,1.0
-22.7,35.6,1,1,0.0,0.0,0.3217,39.5,83.99,13.14,-1886.5,0.7801,1.0,1.0,1.0
-22.7,35.8,1,1,0.0,0.0,0.4184,42.54,95.25,14.55,-1789.9,1.1665,1.0,1.0,1.0
-22.6,60.4,1,1,0.0,241.07,0.3444,48.44,73.59,15.22,-1527.5,0.918,1.0,1.0,1.0
-22.4,35.8,1,1,0.0,336.63,0.5256,43.34,107.79,16.85,-2796.7,0.8021,1.0,1.0,1.0
-24.5,35.5,1,1,0.0,0.0,0.1795,40.21,113.55,13.21,-2396.5,0.8573,1.0,1.0,1.0
-24.5,153.4,1,1,0.0,0.0,0.0943,39.98,81.95,11.35,-2859.9,0.8559,1.0,1.0,1.0
-24.4,35.4,1,1,0.0,0.0,0.1667,37.16,91.82,13.2,-1779.3,0.9354,1.0,1.0,1.0
-24.2,152.3,1,1,0.0,103.32,0.1886,32.14,98.68,14.48,-3148.3,0.8876,1.0,1.0,1.0
-23.3,-71.0,1,1,0.0,0.0,0.353,40.89,107.94,11.42,-2372.9,0.958,1.0,1.0,1.0
-24.1,152.6,1,1,0.0,32.76,0.2092,39.9,101.5,10.74,-2366.7,0.8071,1.0,1.0,1.0
-24.1,152.7,1,1,0.0,48.21,0.3764,39.2,89.99,15.48,-2237.4,0.8968,1.0,1.0,1.0
-20.8,-100.6,1,1,0.0,0.0,0.3482,37.63,88.38,15.37,-2003.0,0.8432,1.0,1.0,1.0
-20.8,35.4,1,1,0.0,0.0,0.3092,37.95,103.5,14.98,-1446.6,0.7092,1.0,1.0,1.0
-20.7,-74.8,1,1,0.0,0.0,0.3112,39.33,111.85,13.82,-1979.9,0.981,1.0,1.0,1.0
-20.4,-100.6,1,1,0.0,0.0,0.1348,42.42,101.8,15.84,-2091.1,1.0534,1.0,1.0,1.0
-20.0,43.8,1,1,0.0,0.0,0.2622,45.25,93.18,13.95,-1715.7,0.8507,1.0,1.0,1.0
-20.0,44.0,1,1,0.0,22.47,0.2276,35.7,108.87,17.16,-1554.9,0.8764,1.0,1.0,1.0
-19.9,-100.5,1,1,0.0,0.0,0.3189,38.16,117.24,15.93,-2790.0,0.9626,1.0,1.0,1.0
-19.9,44.3,1,1,0.0,411.2,0.3546,39.74,86.42,16.23,-2261.2,0.9639,1.0,1.0,1.0
-24.1,36.5,1,1,0.0,0.0,0.2151,42.93,93.45,14.75,-2110.9,1.064,1.0,1.0,1.0
-29.4,31.9,1,1,0.002,0.0,0.2861,40.37,107.69,10.51,-1485.4,0.7254,0.998,1.0,1.0
-29.4,32.7,1,1,0.0,0.0,0.3369,36.94,100.04,12.85,-1813.8,0.8768,1.0,1.0,1.0
-29.3,31.8,1,1,0.0,0.0,0.4796,44.04,107.88,10.65,-2104.8,0.8468,1.0,1.0,1.0
-29.3,31.9,1,1,0.002,0.0,0.3957,35.44,107.14,10.47,-1944.0,0.8678,0.998,1.0,1.0
-29.3,32.0,1,1,0.0,0.0,0.5161,40.31,99.26,11.83,-1314.1,0.927,1.0,1.0,1.0
-29.2,31.9,1,1,0.0,0.0,0.1507,38.49,109.31,10.71,-2286.3,0.8803,1.0,1.0,1.0
-29.2,32.0,1,1,0.0,1.73,0.253,41.33,102.98,12.44,-1724.2,0.7663,1.0,1.0,1.0
-28.2,40.1,1,1,0.0,316.56,0.3683,36.69,106.18,12.0,-1772.3,0.8228,1.0,1.0,1.0
-28.1,53.9,1,1,0.0,0.0,0.4468,42.7,84.11,12.74,-1954.5,0.8852,1.0,1.0,1.0
-25.1,-71.0,1,1,0.0,0.0,0.508,45.59,87.09,12.78,-2161.2,0.69,1.0,1.0,1.0
-27.8,32.6,1,1,0.0,0.0,0.2244,39.21,84.77,12.25,-1640.3,0.8842,1.0,1.0,1.0
-29.0,-74.2,1,1,0.0,137.95,0.3308,30.53,73.18,12.27,-2521.9,0.6848,1.0,1.0,1.0
-29.0,32.0,1,1,0.0,0.97,0.4571,43.32,106.83,11.39,-1651.8,0.7939,1.0,1.0,1.0
-29.0,32.1,1,1,0.0,11.9,0.3762,49.9,114.72,11.07,-2348.4,0.8549,1.0,1.0,1.0
-28.8,40.9,1,1,0.0,937.86,0.3653,31.97,97.8,11.16,-2353.9,0.8087,1.0,1.0,1.0
-28.7,32.5,1,1,0.0,0.0,0.2283,38.45,92.82,10.64,-1628.3,0.8305,1.0,1.0,1.0
-28.6,32.4,1,1,0.0,0.0,0.3099,38.24,107.97,11.0,-1950.8,0.8366,1.0,1.0,1.0
-28.5,32.4,1,1,0.0,5.48,0.3451,44.5,92.68,13.25,-2077.6,0.8063,1.0,1.0,1.0
-27.6,49.9,1,1,0.0,0.0,0.3078,37.68,77.63,11.11,-1957.4,0.9169,1.0,1.0,1.0
-27.5,49.6,1,1,0.0,1776.0,0.3907,38.82,107.35,11.45,-2278.9,0.9792,1.0,1.0,1.0
-27.8,-77.1,1,1,0.0,201.84,0.2915,43.19,108.72,10.86,-2574.5,0.8061,1.0,1.0,1.0
-34.0,25.8,1,1,0.0,794.81,0.2626,41.91,84.97,10.73,-134.5,0.8945,1.0,1.0,1.0
-33.0,28.2,1,1,0.0,1776.0,0.3191,44.27,92.93,10.95,-642.9,0.7948,1.0,1.0,1.0
-32.8,-72.5,1,1,0.0,0.0,0.5366,46.27,105.18,11.57,-261.2,0.8817,1.0,1.0,1.0
-32.4,29.0,1,1,0.0,0.0,0.0819,40.23,96.59,13.05,-495.9,0.8441,1.0,1.0,1.0
-32.1,-71.7,1,1,0.0,0.0,0.3248,47.83,97.35,11.59,-878.2,0.8655,1.0,1.0,1.0
-31.9,-73.1,1,1,0.0,31.79,0.282,46.84,91.53,10.74,-955.4,0.7953,1.0,1.0,1.0
-31.5,29.8,1,1,0.0,15.41,0.3664,44.42,88.88,11.27,-182.9,0.8564,1.0,1.0,1.0
-31.3,40.6,1,1,0.0,869.13,0.2847,43.23,86.14,11.57,-10.0,0.9051,1.0,1.0,1.0
-30.1,47.1,1,1,0.0,0.0,0.1789,36.01,115.46,11.85,-1230.7,0.7655,1.0,1.0,1.0
-29.4,31.8,1,1,0.0,0.0,0.2665,41.3,103.07,12.27,-2393.9,0.8558,1.0,1.0,1.0
-29.8,54.8,1,1,0.0,1337.82,0.1982,40.25,80.3,12.38,-1602.6,0.8473,1.0,1.0,1.0
-29.7,31.3,1,1,0.0,0.0,0.306,51.22,108.65,10.53,-1774.2,1.0113,1.0,1.0,1.0
37.3,-70.9,1,1,0.0,0.0,0.4069,43.0,109.76,10.87,-690.5,1.4104,1.0,1.0,1.0
37.5,-74.5,1,1,0.0,0.0,0.3448,34.99,94.94,12.84,-762.7,1.4052,1.0,1.0,1.0
37.5,-59.7,1,1,0.0,0.0,0.2608,42.37,105.17,10.68,-905.6,1.5896,1.0,1.0,1.0
-28.5,32.6,1,1,0.0,0.0,0.2528,45.76,96.07,11.11,-1704.5,0.778,1.0,1.0,1.0
-28.5,32.7,1,1,0.0,0.0,0.3037,48.89,109.79,11.82,-1924.1,0.8101,1.0,1.0,1.0
-29.7,31.4,1,1,0.0,534.18,0.2921,51.55,97.5,10.98,-1605.3,0.8766,1.0,1.0,1.0
-29.5,31.3,1,1,0.0,266.51,0.428,41.6,101.03,11.35,-1979.8,0.8841,1.0,1.0,1.0
-29.5,41.8,1,1,0.0,0.0,0.2396,30.16,81.91,12.02,-2161.7,0.7503,1.0,1.0,1.0
-30.0,30.9,1,1,0.0,790.65,0.6006,38.12,96.26,12.16,-227.0,0.8099,1.0,1.0,1.0
-25.9,45.3,1,1,0.0,810.01,0.3114,49.72,98.67,12.11,-1965.4,0.868,1.0,1.0,1.0
-25.8,-92.9,1,1,0.0,1776.0,0.4401,48.42,100.75,11.96,-2784.1,0.7753,1.0,1.0,1.0
-25.8,33.2,1,1,0.0,430.01,0.4108,48.1,99.79,11.76,-2065.3,0.9945,1.0,1.0,1.0
-25.8,44.6,1,1,0.0,0.0,0.3686,43.49,99.47,10.67,-2458.0,0.718,1.0,1.0,1.0
-25.8,45.7,1,1,0.0,1624.77,0.5356,42.22,103.44,13.46,-1179.9,1.029,1.0,1.0,1.0
-25.8,46.5,1,1,0.003,0.0,0.2982,43.26,105.84,10.43,-2355.0,0.9898,0.997,1.0,1.0
-25.7,33.2,1,1,0.0,426.86,0.2637,44.29,105.25,11.6,-1419.0,0.9536,1.0,1.0,1.0
-26.9,37.9,1,1,0.0,0.0,0.4324,43.06,99.26,12.11,-1677.2,0.914,1.0,1.0,1.0
-26.8,33.0,1,1,0.0,0.0,0.3463,35.99,102.14,12.55,-1553.8,0.836,1.0,1.0,1.0
-27.4,32.7,1,1,0.0,15.02,0.4271,45.81,119.77,11.11,-1411.5,0.829,1.0,1.0,1.0
-26.8,55.8,1,1,0.0,1776.0,0.2495,40.97,102.35,14.34,-1810.1,0.8918,1.0,1.0,1.0
-26.7,-75.6,1,1,0.0,108.62,0.3155,38.15,92.76,11.38,-3070.7,0.8318,1.0,1.0,1.0
-26.7,-75.2,1,1,0.0,124.68,0.2923,37.25,110.27,13.05,-2397.6,0.7041,1.0,1.0,1.0
-26.7,32.9,1,1,0.0,197.92,0.4098,35.7,90.29,11.31,-1685.3,0.7965,1.0,1.0,1.0
-25.5,53.0,1,1,0.0,523.67,0.1666,39.08,116.9,12.55,-2183.2,0.9283,1.0,1.0,1.0
-25.4,33.2,1,1,0.0,0.0,0.3896,46.49,112.78,10.88,-1767.1,0.7233,1.0,1.0,1.0
-25.4,46.1,1,1,0.0,0.0,0.3563,34.23,66.12,13.44,-1841.2,0.9066,1.0,1.0,1.0
-25.3,-71.6,1,1,0.0,0.0,0.335,39.06,115.97,12.93,-2335.3,0.8237,1.0,1.0,1.0
-25.3,37.9,1,1,0.0,0.0,0.3524,36.81,101.63,12.42,-1935.3,0.8452,1.0,1.0,1.0
-25.3,46.8,1,1,0.0,851.18,0.3279,40.65,105.1,13.8,-2082.3,0.7714,1.0,1.0,1.0
-26.8,55.0,1,1,0.0,128.89,0.2675,37.2,89.75,11.68,-2196.4,0.7837,1.0,1.0,1.0
-27.0,32.8,1,1,0.0,0.0,0.2584,32.75,102.31,12.5,-2064.2,0.7346,1.0,1.0,1.0
-26.9,33.0,1,1,0.0,0.0,0.4031,40.17,93.05,11.51,-1667.6,0.8828,1.0,1.0,1.0
-28.4,37.7,1,1,0.0,450.48,0.2565,48.18,92.26,14.18,-1843.9,0.9373,1.0,1.0,1.0
-28.4,45.1,1,1,0.0,0.0,0.1305,40.93,105.49,11.99,-2417.8,0.8495,1.0,1.0,1.0
-28.4,60.3,1,1,0.0,1776.0,0.1093,46.42,98.3,10.47,-2655.6,0.8605,1.0,1.0,1.0
-28.3,32.6,1,1,0.0,0.0,0.354,37.64,92.48,12.46,-1612.3,0.922,1.0,1.0,1.0
-28.2,32.5,1,1,0.0,0.0,0.2646,34.19,103.97,12.42,-2006.6,0.9371,1.0,1.0,1.0
-28.2,32.6,1,1,0.0,0.0,0.3281,46.95,97.97,12.65,-2137.1,0.8882,1.0,1.0,1.0
-26.5,32.9,1,1,0.0,0.0,0.2207,36.6,102.7,12.56,-1484.9,0.7496,1.0,1.0,1.0
-27.6,32.7,1,1,0.0,16.96,0.3512,35.47,103.9,12.84,-1425.7,0.8961,1.0,1.0,1.0
-26.4,33.0,1,1,0.0,0.0,0.301,33.84,101.41,11.41,-1609.0,0.8287,1.0,1.0,1.0
-26.4,38.1,1,1,0.0,65.4,0.3228,41.05,92.48,13.34,-1865.3,1.012,1.0,1.0,1.0
-26.4,51.1,1,1,0.0,440.7,0.3306,42.09,102.67,14.53,-2224.2,0.9624,1.0,1.0,1.0
-27.8,32.7,1,1,0.0,0.0,0.3403,40.98,115.0,11.14,-1772.1,0.8389,1.0,1.0,1.0
-27.8,49.3,1,1,0.0,0.0,0.2843,37.03,106.86,10.87,-2326.0,0.9212,1.0,1.0,1.0
-27.7,-77.3,1,1,0.002,0.0,0.3501,29.86,96.84,10.45,-2265.9,0.9261,0.998,1.0,1.0
-27.7,-72.0,1,1,0.0,1776.0,0.05,29.4,103.23,11.37,-2629.0,0.8654,1.0,1.0,1.0
-27.7,32.7,1,1,0.0,0.0,0.3109,34.36,91.38,12.66,-1652.5,0.8704,1.0,1.0,1.0
-27.7,35.8,1,1,0.0,0.0,0.3811,38.86,113.69,10.98,-1687.8,0.8752,1.0,1.0,1.0
-27.6,-77.1,1,1,0.0,134.12,0.4194,40.08,102.44,12.11,-2468.5,0.8269,1.0,1.0,1.0
-26.4,-78.6,1,1,0.0,0.0,0.1916,32.42,87.2,12.09,-2085.9,0.9871,1.0,1.0,1.0
19.9,-64.6,1,1,0.0,377.71,0.2582,37.76,97.97,18.71,-1191.1,1.3765,1.0,1.0,1.0
21.9,-64.1,1,1,0.0,604.46,0.4039,44.59,108.48,14.85,-1998.6,1.4093,1.0,1.0,1.0
22.1,-69.4,1,1,0.0,809.69,0.2519,37.79,108.66,17.33,-2336.2,1.244,1.0,1.0,1.0
22.2,-69.6,1,1,0.0,0.0,0.3823,50.02,83.36,14.13,-2540.9,1.2994,1.0,1.0,1.0
22.6,-71.2,1,1,0.0,1776.0,0.2457,39.81,99.8,15.3,-1863.9,1.4546,1.0,1.0,1.0
25.4,-83.1,1,1,0.0,52.67,0.3829,40.62,107.19,13.35,-2394.5,1.4039,1.0,1.0,1.0
25.5,-82.9,1,1,0.0,0.0,0.3752,37.62,100.7,15.36,-2101.2,1.347,1.0,1.0,1.0
25.5,-82.8,1,1,0.0,189.11,0.3102,36.56,98.73,13.32,-2444.0,1.3474,1.0,1.0,1.0
25.6,-74.3,1,1,0.0,0.0,0.3934,41.72,107.43,15.48,-2624.5,1.311,1.0,1.0,1.0
-16.2,145.7,1,1,0.0,1.16,0.3091,38.32,126.62,17.85,-1915.5,0.8296,1.0,1.0,1.0
25.7,-73.3,1,1,0.0,114.3,0.3457,38.45,103.03,11.69,-1858.6,1.3149,1.0,1.0,1.0
25.8,-69.9,1,1,0.0,0.0,0.2463,34.9,98.42,16.63,-2677.0,1.3699,1.0,1.0,1.0
26.1,-71.9,1,1,0.0,0.0,0.2451,42.19,107.68,14.58,-2045.7,1.3959,1.0,1.0,1.0
26.2,-95.8,1,1,0.0,0.0,0.1304,41.6,92.69,14.4,-2197.9,1.3966,1.0,1.0,1.0
24.4,-81.6,1,1,0.0,1776.0,0.2837,48.96,97.23,15.58,-2249.9,1.4946,1.0,1.0,1.0
24.4,-70.6,1,1,0.0,98.86,0.3129,39.14,93.45,16.26,-1877.0,1.5284,1.0,1.0,1.0
24.5,-84.2,1,1,0.0,0.0,0.4267,43.99,109.21,12.49,-1881.6,1.3385,1.0,1.0,1.0
24.5,-81.6,1,1,0.0,0.0,0.1352,34.58,103.11,12.85,-1835.3,1.3762,1.0,1.0,1.0
24.6,-83.4,1,1,0.0,77.76,0.3868,36.03,90.46,14.12,-2742.7,1.4558,1.0,1.0,1.0
24.6,-83.3,1,1,0.0,40.15,0.3205,43.85,91.78,14.89,-2458.2,1.336,1.0,1.0,1.0
25.7,-79.9,1,1,0.0,0.0,0.1735,36.21,107.49,12.4,-1924.5,1.4299,1.0,1.0,1.0
24.2,-86.5,1,1,0.0,273.2,0.1149,42.17,93.38,12.67,-1720.9,1.2777,1.0,1.0,1.0
24.2,-82.2,1,1,0.0,0.0,0.3129,44.88,92.69,13.11,-2961.2,1.3987,1.0,1.0,1.0
24.2,-64.0,1,1,0.0,1776.0,0.2999,40.24,104.52,13.99,-2392.1,1.4443,1.0,1.0,1.0
24.4,-83.9,1,1,0.0,0.0,0.2251,37.4,83.43,13.34,-2425.5,1.2909,1.0,1.0,1.0
13.2,-79.3,1,1,0.0,0.0,0.0792,37.14,91.18,19.8,-1942.7,1.3731,1.0,1.0,1.0
13.8,-74.8,1,1,0.0,0.0,0.267,42.27,108.39,19.81,-1917.5,1.2517,1.0,1.0,1.0
14.1,-77.5,1,1,0.0,1776.0,0.2314,38.89,107.78,21.89,-2590.1,1.2959,1.0,1.0,1.0
14.5,-77.1,1,1,0.0,261.94,0.5266,40.4,99.34,19.45,-2308.1,1.3507,1.0,1.0,1.0
14.6,-77.9,1,1,0.0,0.0,0.2621,34.62,107.37,19.67,-1990.3,1.2892,1.0,1.0,1.0
18.7,-83.0,1,1,0.0,0.0,0.2931,31.83,104.65,17.49,-2086.2,1.3288,1.0,1.0,1.0
16.3,-74.9,1,1,0.0,259.92,0.3541,46.42,104.14,18.55,-2640.0,1.1499,1.0,1.0,1.0
24.7,-73.9,1,1,0.0,1776.0,0.4013,34.77,101.15,13.75,-2323.5,1.379,1.0,1.0,1.0
24.9,-83.7,1,1,0.0,0.0,0.0853,39.3,82.5,11.04,-1980.7,1.3992,1.0,1.0,1.0
25.0,-83.4,1,1,0.0,0.0,0.2576,41.11,98.84,14.94,-2832.6,1.3049,1.0,1.0,1.0
25.1,-83.8,1,1,0.0,0.0,0.356,27.1,102.78,13.82,-2430.7,1.5347,1.0,1.0,1.0
25.2,-83.9,1,1,0.0,0.0,0.3158,32.3,95.08,13.64,-1843.1,1.2203,1.0,1.0,1.0
25.2,-83.8,1,1,0.0,3.17,0.3436,35.09,102.94,15.66,-2492.4,1.3556,1.0,1.0,1.0
25.2,-74.2,1,1,0.0,0.0,0.3865,38.79,99.22,16.6,-1545.3,1.2376,1.0,1.0,1.0
25.2,-63.9,1,1,0.0,1088.38,0.3665,29.14,111.99,13.87,-1953.8,1.3612,1.0,1.0,1.0
17.8,-67.6,1,1,0.0,1411.87,0.1538,31.39,81.6,18.13,-1777.5,1.3876,1.0,1.0,1.0
15.3,-81.5,1,1,0.0,0.0,0.2481,39.73,101.71,17.13,-2322.4,1.3167,1.0,1.0,1.0
26.3,-84.5,1,1,0.0,678.18,0.2002,47.69,128.98,16.13,-1969.6,1.4176,1.0,1.0,1.0
26.3,-73.6,1,1,0.0,0.0,0.2871,43.79,97.97,12.87,-2900.5,1.5263,1.0,1.0,1.0
26.3,-70.9,1,1,0.0,0.0,0.3847,43.62,94.71,12.38,-1593.5,1.3299,1.0,1.0,1.0
26.4,-69.8,1,1,0.0,0.0,0.351,42.59,113.78,16.25,-2212.8,1.2925,1.0,1.0,1.0
26.5,-84.3,1,1,0.0,0.0,0.3343,44.34,107.56,13.97,-2736.6,1.4359,1.0,1.0,1.0
26.6,-96.8,1,1,0.0,2.96,0.2272,32.68,100.7,13.62,-2590.7,1.1448,1.0,1.0,1.0
26.6,-96.7,1,1,0.0,0.0,0.4182,35.0,118.9,15.12,-2176.2,1.4143,1.0,1.0,1.0
27.6,-96.3,1,1,0.0,111.32,0.363,39.64,95.53,12.74,-2168.6,1.651,1.0,1.0,1.0
27.6,-79.5,1,1,0.0,453.72,0.369,38.57,103.59,13.82,-2858.8,1.3167,1.0,1.0,1.0
24.7,-83.3,1,1,0.0,0.0,0.3504,39.94,107.62,14.94,-2176.7,1.3578,1.0,1.0,1.0
27.6,-75.6,1,1,0.0,740.25,0.2294,33.51,98.1,12.57,-1962.4,1.3299,1.0,1.0,1.0
27.6,-71.3,1,1,0.0,470.74,0.3732,37.53,100.76,13.03,-2566.7,1.4606,1.0,1.0,1.0
27.7,-96.8,1,1,0.0,0.0,0.2527,39.98,91.18,14.1,-2325.6,1.3213,1.0,1.0,1.0
27.7,-96.6,1,1,0.0,0.0,0.2517,40.63,80.11,10.6,-1631.5,1.4732,1.0,1.0,1.0
27.7,-96.5,1,1,0.0,0.0,0.3429,36.26,102.9,14.83,-2511.0,1.3502,1.0,1.0,1.0
27.7,-96.4,1,1,0.0,61.49,0.3945,44.79,82.73,12.75,-2466.1,1.291,1.0,1.0,1.0
26.8,-72.1,1,1,0.0,368.03,0.1656,47.28,97.47,12.34,-1961.2,1.5256,1.0,1.0,1.0
26.9,-83.6,1,1,0.0,0.0,0.2978,39.74,103.28,13.63,-1568.2,1.4385,1.0,1.0,1.0
26.9,-66.8,1,1,0.0,513.22,0.3555,37.69,98.53,12.64,-1579.0,1.4095,1.0,1.0,1.0
27.0,-90.6,1,1,0.0,214.44,0.1673,40.55,113.81,14.61,-1739.1,1.4104,1.0,1.0,1.0
27.6,-78.7,1,1,0.0,0.0,0.2135,48.77,105.85,13.54,-3018.6,1.406,1.0,1.0,1.0
26.6,-96.6,1,1,0.0,10.21,0.3387,38.44,109.35,14.8,-2165.7,1.3622,1.0,1.0,1.0
26.6,-68.5,1,1,0.0,1652.32,0.4102,47.6,107.34,15.07,-2373.9,1.4298,1.0,1.0,1.0
26.7,-96.7,1,1,0.0,0.0,0.1176,44.3,107.68,14.28,-2489.6,1.4028,1.0,1.0,1.0
26.7,-84.0,1,1,0.0,0.0,0.2304,28.35,95.85,11.38,-1895.1,1.37,1.0,1.0,1.0
26.7,-83.8,1,1,0.0,0.0,0.505,41.17,91.24,17.2,-2452.6,1.4307,1.0,1.0,1.0
26.7,-72.7,1,1,0.0,0.0,0.3003,40.91,104.34,14.72,-2722.9,1.3577,1.0,1.0,1.0
26.8,-96.8,1,1,0.0,0.0,0.3154,47.88,105.75,12.66,-2364.1,1.3933,1.0,1.0,1.0
26.8,-73.5,1,1,0.0,475.81,0.4334,43.25,112.04,15.14,-2164.3,1.3568,1.0,1.0,1.0
25.3,-83.5,1,1,0.0,36.85,0.2275,41.8,97.23,14.73,-2133.9,1.4935,1.0,1.0,1.0
27.4,-96.5,1,1,0.0,50.38,0.1886,38.26,109.67,13.29,-2354.7,1.3595,1.0,1.0,1.0
25.3,-83.2,1,1,0.0,0.0,0.2099,32.01,106.58,12.87,-1854.8,1.5005,1.0,1.0,1.0
25.4,-83.6,1,1,0.0,79.1,0.3891,35.81,113.36,16.91,-2166.6,1.3343,1.0,1.0,1.0
25.4,-83.3,1,1,0.0,5.94,0.4088,37.22,89.87,15.03,-2378.6,1.4423,1.0,1.0,1.0
27.1,-79.8,1,1,0.0,0.0,0.2754,29.79,106.55,12.81,-2149.7,1.3696,1.0,1.0,1.0
27.1,-66.2,1,1,0.0,275.56,0.1914,44.25,103.8,14.8,-1715.0,1.3931,1.0,1.0,1.0
27.2,-96.6,1,1,0.0,44.56,0.421,32.19,96.61,12.25,-2643.6,1.4212,1.0,1.0,1.0
27.2,-96.4,1,1,0.0,0.0,0.3658,35.21,112.01,11.98,-2445.1,1.3841,1.0,1.0,1.0
27.2,-72.4,1,1,0.0,0.0,0.3182,40.02,91.68,10.73,-2196.7,1.281,1.0,1.0,1.0
27.4,-96.7,1,1,0.0,4.6,0.3095,40.92,104.41,14.65,-2465.9,1.3648,1.0,1.0,1.0
34.8,-63.3,1,1,0.0,0.0,0.3986,37.37,100.7,12.53,-1102.7,1.4299,1.0,1.0,1.0
25.3,-83.4,1,1,0.0,18.62,0.2616,41.76,113.03,13.18,-2061.9,1.295,1.0,1.0,1.0
-18.0,37.6,1,1,0.0,0.0,0.3539,45.91,121.18,17.53,-1645.1,0.7809,1.0,1.0,1.0
-17.7,37.8,1,1,0.0,1213.14,0.2692,38.35,117.82,17.8,-1964.8,0.8634,1.0,1.0,1.0
-16.5,145.6,1,1,0.0,0.0,0.2614,44.59,111.86,18.26,-2208.8,0.9031,1.0,1.0,1.0
-16.4,61.2,1,1,0.0,809.45,0.376,51.05,92.79,15.83,-2188.9,0.9298,1.0,1.0,1.0
-16.3,145.7,1,1,0.0,0.0,0.125,36.67,93.89,18.04,-2421.6,0.9877,1.0,1.0,1.0
-0.3,-90.4,1,1,0.0,0.0,0.2187,49.16,102.59,28.25,-1897.3,1.0233,1.0,1.0,1.0
-0.2,-90.9,1,1,0.0,43.63,0.339,46.83,88.55,27.07,-1894.3,1.0793,1.0,1.0,1.0
-0.2,-80.5,1,1,0.0,0.0,0.3238,40.65,120.86,27.65,-2047.5,1.2729,1.0,1.0,1.0
0.3,-80.9,1,1,0.0,33.4,0.1803,40.77,119.99,25.67,-1112.8,1.074,1.0,1.0,1.0
23.7,-86.9,1,1,0.0,0.0,0.2889,38.66,114.61,12.96,-2009.7,1.4357,1.0,1.0,1.0
1.1,-91.2,1,1,0.0,48.88,0.3282,36.97,89.64,25.26,-1569.4,1.2135,1.0,1.0,1.0
1.9,-78.9,1,1,0.0,0.0,0.1596,36.16,101.67,23.56,-1059.0,1.0074,1.0,1.0,1.0
2.0,-100.4,1,1,0.0,0.0,0.2043,31.52,94.15,26.32,-1700.1,1.0916,1.0,1.0,1.0
2.0,-87.4,1,1,0.0,262.07,0.3437,36.99,95.11,23.86,-2470.7,1.1051,1.0,1.0,1.0
-15.7,145.5,1,1,0.0,0.0,0.41,41.07,99.7,17.91,-2413.1,0.7464,1.0,1.0,1.0
-15.6,60.7,1,1,0.0,0.0,0.4932,33.33,96.5,17.01,-2404.1,0.9866,1.0,1.0,1.0
-15.6,70.1,1,1,0.0,1776.0,0.3421,42.7,111.59,15.3,-3079.7,1.0445,1.0,1.0,1.0
-15.6,145.5,1,1,0.0,82.98,0.2852,23.98,105.11,16.09,-2218.2,0.9521,1.0,1.0,1.0
-15.5,60.8,1,1,0.0,759.02,0.2121,39.76,96.32,19.19,-1960.8,0.7572,1.0,1.0,1.0
-15.4,61.4,1,1,0.0,1198.25,0.2813,37.77,111.07,18.45,-2238.0,0.9508,1.0,1.0,1.0
0.8,-91.7,1,1,0.0,105.3,0.2319,39.96,90.93,24.52,-1558.5,1.0481,1.0,1.0,1.0
-16.2,145.8,1,1,0.0,0.0,0.3617,30.87,92.64,17.93,-2099.0,0.9446,1.0,1.0,1.0
-16.2,145.9,1,1,0.0,0.0,0.1944,48.05,106.43,17.64,-2410.8,1.0106,1.0,1.0,1.0
-16.2,146.0,1,1,0.0,0.0,0.1602,40.57,111.61,15.43,-2756.4,0.9312,1.0,1.0,1.0
-16.0,-102.3,1,1,0.0,0.0,0.3907,42.2,86.62,17.58,-1468.7,0.9258,1.0,1.0,1.0
-16.0,145.7,1,1,0.0,0.0,0.3959,40.66,99.37,16.58,-2801.3,0.8223,1.0,1.0,1.0
-16.0,145.8,1,1,0.0,0.0,0.4746,38.86,106.33,17.41,-2403.3,0.8864,1.0,1.0,1.0
-19.6,44.3,1,1,0.0,338.26,0.3373,35.4,111.17,13.55,-1933.5,0.8533,1.0,1.0,1.0
-19.4,38.1,1,1,0.0,0.0,0.3753,44.88,106.1,17.66,-1810.2,0.9647,1.0,1.0,1.0
-19.4,43.2,1,1,0.0,0.0,0.2265,39.99,111.73,18.35,-2021.3,0.9113,1.0,1.0,1.0
-18.0,37.3,1,1,0.0,1776.0,0.4116,46.25,103.88,13.84,-2268.1,0.9036,1.0,1.0,1.0
-19.3,36.9,1,1,0.0,257.2,0.316,44.92,113.16,14.92,-1055.7,0.888,1.0,1.0,1.0
-19.0,-100.8,1,1,0.0,523.76,0.303,43.19,100.89,13.86,-2124.1,0.9975,1.0,1.0,1.0
-15.3,61.1,1,1,0.0,0.0,0.1318,33.82,86.4,19.16,-1857.3,0.9803,1.0,1.0,1.0
-14.1,-104.0,1,1,0.0,1776.0,0.1778,46.45,102.3,18.18,-2997.7,0.9613,1.0,1.0,1.0
-13.8,-103.7,1,1,0.0,0.0,0.1807,38.5,89.74,18.41,-2660.6,0.9319,1.0,1.0,1.0
-13.8,-103.1,1,1,0.0,504.75,0.2377,47.39,100.92,17.03,-3068.0,0.7498,1.0,1.0,1.0
-0.6,-90.9,1,1,0.0,0.0,0.2469,45.97,92.33,26.14,-1660.9,1.2303,1.0,1.0,1.0
-0.5,-91.0,1,1,0.0,77.04,0.2416,42.73,96.64,24.15,-2123.7,1.1242,1.0,1.0,1.0
-0.5,-90.6,1,1,0.0,0.0,0.3981,46.98,100.53,27.27,-1808.3,0.9971,1.0,1.0,1.0
-18.1,61.4,1,1,0.0,0.0,0.2263,32.44,98.11,17.84,-2143.3,0.7423,1.0,1.0,1.0
-19.4,44.1,1,1,0.0,304.09,0.4279,43.31,100.83,15.54,-1496.8,0.7144,1.0,1.0,1.0
5.1,-96.3,1,1,0.0,0.0,0.151,38.15,90.04,24.6,-970.3,1.1635,1.0,1.0,1.0
6.7,-77.8,1,1,0.0,0.0,0.2153,46.27,98.88,26.82,-1597.1,1.2082,1.0,1.0,1.0
16.3,-68.3,1,1,0.0,198.43,0.1871,36.72,120.1,18.06,-2737.4,1.3048,1.0,1.0,1.0
16.4,-75.7,1,1,0.0,1462.25,0.3336,51.18,86.87,19.82,-2607.5,1.2032,1.0,1.0,1.0
16.4,-69.2,1,1,0.0,0.0,0.2103,45.02,105.11,20.74,-2085.3,1.2956,1.0,1.0,1.0
16.4,-68.4,1,1,0.0,0.0,0.337,34.8,97.37,18.86,-2876.2,1.3979,1.0,1.0,1.0
16.6,-71.2,1,1,0.0,369.01,0.2421,42.19,98.16,21.26,-3023.9,1.2421,1.0,1.0,1.0
16.6,-68.5,1,1,0.0,585.9,0.2401,44.51,113.0,17.48,-2469.8,1.2574,1.0,1.0,1.0
16.9,-73.2,1,1,0.0,0.0,0.3236,35.1,108.74,16.67,-2216.9,1.3859,1.0,1.0,1.0
10.1,-82.7,1,1,0.0,0.0,0.4578,39.35,106.66,19.47,-2797.7,1.2619,1.0,1.0,1.0
11.2,-76.2,1,1,0.0,0.0,0.3309,38.14,107.16,21.05,-1933.2,1.3668,1.0,1.0,1.0
11.3,-76.1,1,1,0.0,0.0,0.3646,45.48,101.92,19.68,-2363.1,1.2539,1.0,1.0,1.0
11.5,-75.5,1,1,0.0,969.97,0.3438,47.18,92.57,20.79,-2640.9,1.0626,1.0,1.0,1.0
11.6,-75.8,1,1,0.0,1643.21,0.2742,35.31,98.0,20.38,-1821.4,1.3848,1.0,1.0,1.0
11.6,-74.4,1,1,0.0,447.01,0.3042,38.69,103.47,19.84,-1944.6,1.055,1.0,1.0,1.0
11.6,-73.9,1,1,0.0,1020.26,0.343,39.35,116.19,21.9,-2471.3,1.2598,1.0,1.0,1.0
11.7,-73.6,1,1,0.0,261.08,0.2623,44.29,113.69,19.16,-1551.7,1.0961,1.0,1.0,1.0
22.8,-71.0,1,1,0.0,0.0,0.4478,44.84,95.36,16.6,-2403.8,1.3076,1.0,1.0,1.0
23.2,-73.4,1,1,0.0,1776.0,0.1567,48.67,101.17,15.67,-1948.0,1.4196,1.0,1.0,1.0
23.2,-69.8,1,1,0.0,0.0,0.4359,38.47,104.48,15.25,-2859.2,1.4199,1.0,1.0,1.0
17.0,-72.2,1,1,0.0,499.92,0.3159,36.29,99.07,18.02,-2150.9,1.272,1.0,1.0,1.0
10.1,-78.2,1,1,0.0,107.34,0.2292,45.36,106.55,20.69,-2044.0,1.2426,1.0,1.0,1.0
10.2,-78.0,1,1,0.0,0.0,0.2059,38.43,98.82,18.86,-2254.5,1.2055,1.0,1.0,1.0
10.3,-77.7,1,1,0.0,0.0,0.2515,36.23,100.21,20.16,-2421.3,1.2576,1.0,1.0,1.0
10.6,-81.6,1,1,0.0,0.0,0.4219,36.49,95.64,22.17,-1893.0,1.2579,1.0,1.0,1.0
10.6,-81.1,1,1,0.0,686.67,0.2676,41.11,90.53,20.52,-2826.5,1.1879,1.0,1.0,1.0
10.7,-81.7,1,1,0.0,0.0,0.05,44.46,97.26,20.51,-2416.4,1.1945,1.0,1.0,1.0
11.0,-76.9,1,1,0.0,610.22,0.2979,40.34,94.88,22.22,-2481.5,1.42,1.0,1.0,1.0
-0.4,-90.6,1,1,0.0,0.0,0.3713,44.37,115.09,26.36,-1509.6,1.4009,1.0,1.0,1.0
11.8,-73.8,1,1,0.0,0.0,0.4808,49.78,110.11,18.6,-2332.4,1.2058,1.0,1.0,1.0
3.1,-92.4,1,1,0.0,434.76,0.2908,41.06,98.73,23.48,-2329.1,1.2229,1.0,1.0,1.0
11.9,-73.6,1,1,0.0,0.0,0.343,49.11,101.6,23.5,-2527.8,1.2676,1.0,1.0,1.0
12.2,-73.1,1,1,0.0,0.0,0.3401,34.17,93.71,21.12,-1472.9,1.2892,1.0,1.0,1.0
12.3,-73.3,1,1,0.0,0.0,0.0816,35.47,108.14,18.31,-2123.5,1.3556,1.0,1.0,1.0
12.6,-73.2,1,1,0.0,681.98,0.2945,37.7,110.72,19.09,-2677.3,1.2245,1.0,1.0,1.0
12.6,-73.1,1,1,0.0,0.0,0.3299,44.68,100.08,21.65,-2760.2,1.1895,1.0,1.0,1.0
12.8,-72.9,1,1,0.0,1776.0,0.3507,30.65,107.0,18.73,-2489.0,1.2161,1.0,1.0,1.0
12.9,-72.9,1,1,0.0,0.0,0.2679,45.82,103.38,19.38,-2771.6,1.3661,1.0,1.0,1.0
2.8,-99.3,1,1,0.0,0.0,0.2482,39.77,100.29,26.97,-1443.5,1.001,1.0,1.0,1.0
2.8,-78.6,1,1,0.0,340.73,0.3352,37.44,92.21,25.63,-1348.7,1.0452,1.0,1.0,1.0
2.9,-78.8,1,1,0.0,0.0,0.2952,41.11,89.79,26.0,-2046.3,1.2432,1.0,1.0,1.0
11.8,-73.6,1,1,0.0,0.0,0.3251,39.72,101.16,20.36,-2248.9,1.3968,1.0,1.0,1.0
37.1,-73.5,1,1,0.014,0.0,0.337,39.12,91.11,10.47,-1432.2,1.3988,0.986,0.99,1.0
40.8,-71.4,1,1,0.006,25.94,0.216,39.39,106.88,10.0,-1241.0,1.4786,0.994,0.99,1.0
32.3,-80.6,1,1,0.007,152.61,0.3142,35.5,94.36,10.53,-475.4,1.35,0.993,0.99,1.0
33.8,-65.6,1,1,0.01,927.39,0.403,37.68,103.6,10.51,-762.9,1.3548,0.99,0.99,1.0
35.2,-71.2,1,1,0.008,217.6,0.2767,42.72,101.2,10.52,-742.1,1.3431,0.992,0.99,1.0
-25.4,46.6,1,1,0.007,1776.0,0.3733,43.37,92.37,10.47,-1673.6,0.9201,0.993,0.99,1.0
-29.6,42.9,1,1,0.009,0.0,0.5176,38.13,106.33,10.45,-2028.6,0.5839,0.991,0.99,1.0
-27.8,-77.0,1,1,0.007,0.0,0.3234,35.71,105.03,10.43,-2079.1,0.9093,0.993,0.99,1.0
30.9,-81.0,1,1,0.017,34.62,0.2244,38.81,113.25,10.47,-1344.7,1.3379,0.983,0.98,1.0
-34.1,-77.4,1,1,0.015,0.0,0.1793,45.18,106.45,10.49,-1019.9,0.8647,0.985,0.98,1.0
36.4,-74.3,1,1,0.018,197.38,0.2064,34.64,88.47,10.0,-1713.8,1.5258,0.982,0.98,1.0
40.2,-70.7,1,1,0.02,0.0,0.345,35.97,98.73,10.51,-225.1,1.4532,0.98,0.98,1.0
33.9,-64.2,1,1,0.025,0.0,0.1634,40.95,95.91,10.44,-1743.7,1.549,0.975,0.98,1.0
30.1,-81.0,1,1,0.028,0.0,0.2916,32.69,94.93,10.46,-1302.6,1.4022,0.972,0.97,1.0
32.9,-76.5,1,1,0.027,21.07,0.2558,34.54,90.34,10.5,-529.9,1.4261,0.973,0.97,1.0
40.7,-71.9,1,1,0.031,0.0,0.1319,45.98,89.92,10.0,-1805.1,1.4065,0.969,0.97,1.0
-30.0,-76.0,1,1,0.038,0.0,0.2198,46.33,88.52,10.46,-1148.7,0.8674,0.962,0.96,1.0
-34.3,24.9,1,1,0.054,0.0,0.342,31.83,97.63,10.5,-10.0,0.6977,0.946,0.95,1.0
38.4,-70.6,1,1,0.045,0.0,0.3406,50.66,90.53,10.46,-1152.8,1.5814,0.955,0.95,1.0
32.8,-79.3,1,1,0.056,0.0,0.2615,29.97,117.95,10.44,-1168.9,1.3588,0.944,0.94,1.0
32.6,-79.9,1,1,0.073,0.0,0.2841,39.6,110.46,10.43,-1347.9,1.4414,0.927,0.93,1.0
30.6,-81.2,1,1,0.117,7.16,0.2717,38.09,93.12,10.41,-1396.9,1.4156,0.883,0.88,1.0
33.8,-54.6,1,1,0.157,0.0,0.1429,38.0,87.33,10.45,-507.0,1.325,0.843,0.84,1.0
-34.7,20.4,1,1,0.171,0.0,0.2792,44.55,100.03,10.46,-36.2,0.7984,0.829,0.83,1.0
33.6,-68.2,1,1,0.177,315.25,0.3719,39.0,85.1,10.45,-330.9,1.4065,0.823,0.82,1.0
34.8,-66.9,1,1,0.218,0.0,0.2314,35.83,108.94,10.39,-1404.0,1.4981,0.782,0.78,1.0
36.9,-73.8,1,1,0.258,0.0,0.3233,37.75,87.1,10.42,-674.6,1.3926,0.742,0.74,1.0
36.4,-74.8,1,1,0.266,0.0,0.3713,42.27,92.59,10.39,-1209.8,1.4353,0.734,0.73,1.0
36.0,-73.7,1,1,0.302,101.94,0.3774,46.6,81.05,10.4,-1191.1,1.5011,0.698,0.7,1.0
-28.7,32.3,1,1,0.309,0.0,0.1551,50.45,92.85,10.18,-2573.5,0.9354,0.691,0.69,1.0
33.7,-76.7,1,1,0.31,0.0,0.3027,43.33,94.37,10.32,-1869.4,1.4703,0.69,0.69,1.0
37.1,-53.6,1,1,0.323,11.79,0.0727,33.05,97.88,10.4,-860.3,1.3177,0.677,0.68,1.0
-28.8,42.5,1,1,0.333,0.0,0.3947,35.1,106.12,10.29,-2017.8,1.0024,0.667,0.67,1.0
38.1,-73.5,1,1,0.356,0.0,0.4231,42.31,92.54,10.43,-157.7,1.3587,0.644,0.64,1.0
27.2,-72.6,1,1,0.413,1240.41,0.385,37.86,112.15,10.18,-2513.9,1.3865,0.587,0.59,1.0
-28.8,42.4,1,1,0.453,716.8,0.3075,32.34,103.97,10.02,-2774.9,0.8287,0.547,0.55,1.0
33.6,-32.4,1,1,0.478,0.0,0.3517,35.15,78.9,10.39,-883.9,1.3919,0.522,0.52,1.0
